"ReferenceGlobalID","ReferenceValue","ReferenceName","ReferenceDescription","ReferenceUnit","ReferenceOrder","ReferenceType","Data"
2,"INIC","HospitalUnit","9 bed intermediate care ward",,0,0,
3,"CWIN","HospitalUnit","14 bed intensive care ward",,0,0,
4,"INBD","HospitalUnit","9 bed intensive care ward",,0,0,
5,"INID","HospitalUnit","9 bed mixed ward (intermediate care, non-invasive-ventilation possible)",,0,0,
6,"CWOP","HospitalUnit",,,0,0,
7,"AAKU","HospitalUnit",,,0,0,
8,"GYOP","HospitalUnit",,,0,0,
9,"HAOP","HospitalUnit",,,0,0,
10,"AOST","HospitalUnit",,,0,0,
11,"LAOP","HospitalUnit",,,0,0,
12,"HCOP","HospitalUnit",,,0,0,
13,"UROP","HospitalUnit",,,0,0,
14,"KGOP","HospitalUnit",,,0,0,
15,"MVImporter","Importer",,,0,0,
166,"Harnelphor Alpha1-Globuline (ZL)","Laboratory",,"%",0,0,
167,"Harnelphor Alpha2-Globuline (ZL)","Laboratory",,"None",0,0,
168,"Alpha-1-Globuline (ZL)","Laboratory",,"None",0,0,
169,"Alpha-2-Globuline (ZL)","Laboratory",,"None",0,0,
170,"ADAMTS-13 (ZL)","Laboratory",,"None",0,0,
171,"Albumin (ZL)","Laboratory",,"%",0,0,
172,"Harnelektrophorese/Albumin (ZL)","Laboratory",,"%",0,0,
173,"Antithrombin III (ZL)","Laboratory",,"%",0,0,
174,"Basophile (ZL)","Laboratory",,"%",0,0,
175,"Basophile, Handdiff. (ZL)","Laboratory",,"%",0,0,
176,"Beta-1-Globuline (ZL)","Laboratory",,"%",0,0,
177,"Beta-2-Globuline (ZL)","Laboratory",,"%",0,0,
178,"Harnelphor Beta-Globuline (ZL)","Laboratory",,"%",0,0,
179,"Frakt.CO-Hämoglobin (ZL)","Laboratory",,"%",0,0,
180,"Frakt.Deoxy-Hämoglobin (ZL)","Laboratory",,"%",0,0,
181,"Frakt.Met-Hämoglobin (ZL)","Laboratory",,"%",0,0,
182,"Frakt.Oxyhämoglobin (ZL)","Laboratory",,"%",0,0,
183,"Hämatokrit (BG) (ZL)","Laboratory",,"%",0,0,
184,"sO2 (ZL)","Laboratory",,"%",0,0,
185,"Blasten (ZL)","Laboratory",,"%",0,0,
186,"C-1-Inhibitor (Aktivität) (ZL)","Laboratory",,"%",0,0,
187,"Kollagen Bindungsaktivität (ZL)","Laboratory",,"%",0,0,
188,"CD16+CD56+/NK-Zellen (ZL)","Laboratory",,"%",0,0,
189,"CD19+/B-Lymphocyten (ZL)","Laboratory",,"%",0,0,
190,"CD3+/T-Lymphocyten (ZL)","Laboratory",,"%",0,0,
191,"CD3+CD4+/T-Helperzellen (ZL)","Laboratory",,"%",0,0,
192,"CD3+CD8+/T-Suppressorzellen (ZL)","Laboratory",,"%",0,0,
193,"HLADR pos.T-Lymphocyten (ZL)","Laboratory",,"%",0,0,
194,"Karbohydrat-def.Transferrin (ZL)","Laboratory",,"%",0,0,
195,"CK-MB Anteil (ZL)","Laboratory",,"%",0,0,
196,"CO-Hämoglobin (ZL)","Laboratory",,"%",0,0,
197,"Eosinophile (ZL)","Laboratory",,"%",0,0,
198,"Eosinophile, Handdiff. (ZL)","Laboratory",,"%",0,0,
199,"Dysmorphe Ery im Sediment (ZL)","Laboratory",,"%",0,0,
200,"Fraktionelle HST-Ausscheidung (ZL)","Laboratory",,"%",0,0,
201,"Fraktionelle Na-Ausscheidung (ZL)","Laboratory",,"%",0,0,
202,"Faktor II (ZL)","Laboratory",,"%",0,0,
203,"Faktor IX (ZL)","Laboratory",,"%",0,0,
204,"Faktor V (ZL)","Laboratory",,"%",0,0,
205,"Faktor VII (ZL)","Laboratory",,"%",0,0,
206,"Faktor VIII (ZL)","Laboratory",,"%",0,0,
207,"Faktor X (ZL)","Laboratory",,"%",0,0,
208,"Faktor XI (ZL)","Laboratory",,"%",0,0,
209,"Faktor XII (ZL)","Laboratory",,"%",0,0,
210,"Faktor XIII (ZL)","Laboratory",,"%",0,0,
211,"Gamma-Globuline (ZL)","Laboratory",,"%",0,0,
212,"Harnelphor Gamma-Globuline (ZL)","Laboratory",,"%",0,0,
213,"Hämoglobin A (ZL)","Laboratory",,"%",0,0,
214,"HbA1c (ZL)","Laboratory",,"%",0,0,
215,"Hämoglobin A2 (ZL)","Laboratory",,"%",0,0,
216,"Hämoglobin F (ZL)","Laboratory",,"%",0,0,
217,"Hämatokrit (ZL)","Laboratory",,"%",0,0,
218,"LDH-Isoenzym 1 (ZL)","Laboratory",,"%",0,0,
219,"LDH-Isoenzym 2 (ZL)","Laboratory",,"%",0,0,
220,"LDH-Isoenzym 3 (ZL)","Laboratory",,"%",0,0,
221,"LDH-Isoenzym 4 (ZL)","Laboratory",,"%",0,0,
222,"LDH-Isoenzym 5 (ZL)","Laboratory",,"%",0,0,
223,"Lymphocyten (ZL)","Laboratory",,"%",0,0,
224,"Lymphocyten Handdiff. (ZL)","Laboratory",,"%",0,0,
225,"Metamyelocyten (ZL)","Laboratory",,"%",0,0,
226,"M-Gradient (ZL)","Laboratory",,"%",0,0,
227,"Monocyten (ZL)","Laboratory",,"%",0,0,
228,"Monocyten Handdiff. (ZL)","Laboratory",,"%",0,0,
229,"Myelocyten (ZL)","Laboratory",,"%",0,0,
230,"Neutrophile Granulocyten (ZL)","Laboratory",,"%",0,0,
231,"Neutr.Granulocyten Handdiff. (ZL)","Laboratory",,"%",0,0,
232,"Plasmazellen (ZL)","Laboratory",,"%",0,0,
233,"Promyelocyten (ZL)","Laboratory",,"%",0,0,
234,"Protein C (ZL)","Laboratory",,"%",0,0,
235,"Protein S (ZL)","Laboratory",,"%",0,0,
236,"freies Protein S (ZL)","Laboratory",,"%",0,0,
237,"Prothrombingehalt (ZL)","Laboratory",,"%",0,0,
238,"Reticulocyten (ZL)","Laboratory",,"%",0,0,
239,"Ristocetin-Kofakt.Aktivität (ZL)","Laboratory",,"%",0,0,
240,"Stabkernige Handdiff. (ZL)","Laboratory",,"%",0,0,
241,"Transferrin-Sättigung (ZL)","Laboratory",,"%",0,0,
242,"Thrombozyten - Anteil unreif (ZL)","Laboratory",,"%",0,0,
243,"Thrombotest (ZL)","Laboratory",,"%",0,0,
244,"Plättchen-Reaktivitätsindex (VASP) (ZL)","Laboratory",,"%",0,0,
245,"v.Willebrand-Faktor-Antigen (ZL)","Laboratory",,"%",0,0,
246,"Kernhaltige Erythrocyten (ZL)","Laboratory",,"/100Leuko",0,0,
247,"Liquor Zellzahl (ZL)","Laboratory",,"/3/cmm",0,0,
248,"Kupfer (ZL)","Laboratory",,"µg/dl",0,0,
249,"Eisen (ZL)","Laboratory",,"µg/dl",0,0,
250,"Alpha-1-Fetoprotein (ZL)","Laboratory",,"µg/l",0,0,
251,"Blei im Blut (ZL)","Laboratory",,"µg/l",0,0,
252,"C-embrionales Antigen (ZL)","Laboratory",,"µg/l",0,0,
253,"CK-MB-Massenkonzentration (ZL)","Laboratory",,"µg/l",0,0,
254,"Cyclosporin (ZL)","Laboratory",,"µg/l",0,0,
255,"Cytokeratin-FRG./CYFRA21-1 (ZL)","Laboratory",,"µg/l",0,0,
256,"Digitoxin (ZL)","Laboratory",,"µg/l",0,0,
257,"Digoxin (ZL)","Laboratory",,"µg/l",0,0,
258,"Everolimus (ZL)","Laboratory",,"µg/l",0,0,
259,"Ferritin (ZL)","Laboratory",,"µg/l",0,0,
260,"Myoglobin (ZL)","Laboratory",,"µg/l",0,0,
261,"NGAL im Urin (ZL)","Laboratory",,"µg/l",0,0,
262,"Neuronen-spez. Enolase (ZL)","Laboratory",,"µg/l",0,0,
263,"Procalcitonin (ZL)","Laboratory",,"µg/l",0,0,
264,"Procalcitonin / Cordalblut (ZL)","Laboratory",,"µg/l",0,0,
265,"S100 Protein (ZL)","Laboratory",,"µg/l",0,0,
266,"SCC-Antigen (ZL)","Laboratory",,"µg/l",0,0,
267,"Serotonin im Serum (ZL)","Laboratory",,"µg/l",0,0,
268,"Sirolimus (ZL)","Laboratory",,"µg/l",0,0,
269,"Tacrolimus (ZL)","Laboratory",,"µg/l",0,0,
270,"Troponin I (ZL)","Laboratory",,"µg/l",0,0,
271,"Vitamin B1 (ZL)","Laboratory",,"µg/l",0,0,
272,"Vitamin B6 (Vollblut) (ZL)","Laboratory",,"µg/l",0,0,
273,"Arixtra-Monitoring (ZL)","Laboratory",,"µg/ml",0,0,
274,"Gabapentin (ZL)","Laboratory",,"µg/ml",0,0,
275,"Fructosamin (ZL)","Laboratory",,"µmol/L",0,0,
276,"Gallensäuren im Serum (ZL)","Laboratory",,"µmol/L",0,0,
277,"Homocystein (ZL)","Laboratory",,"µmol/L",0,0,
278,"Methotrexat (ZL)","Laboratory",,"µmol/L",0,0,
279,"Ammoniak (ZL)","Laboratory",,"µmol/L",0,0,
280,"Pyruvat (ZL)","Laboratory",,"µmol/L",0,0,
281,"CD16+CD56+/abs.NK-Zellen (ZL)","Laboratory",,"Cells/µL",0,0,
282,"CD19+/abs.B-Lymphocyten (ZL)","Laboratory",,"Cells/µL",0,0,
283,"CD3+/abs.T-Lymphocyten (ZL)","Laboratory",,"Cells/µL",0,0,
284,"CD3+CD4+/abs.T-Helperzellen (ZL)","Laboratory",,"Cells/µL",0,0,
285,"CD3+CD8+/abs.T-Suppressorz. (ZL)","Laboratory",,"Cells/µL",0,0,
286,"MCV (ZL)","Laboratory",,"fl",0,0,
287,"Serum-Albumin (ZL)","Laboratory",,"g/dl",0,0,
288,"Hämoglobin (BG) (ZL)","Laboratory",,"g/dl",0,0,
289,"Hämoglobin (ZL)","Laboratory",,"g/dl",0,0,
290,"MCHC (ZL)","Laboratory",,"g/dl",0,0,
291,"Albumin im Punktat (ZL)","Laboratory",,"g/dl",0,0,
292,"Total-Protein im Punktat (ZL)","Laboratory",,"g/dl",0,0,
293,"Total-Protein im Serum (ZL)","Laboratory",,"g/dl",0,0,
294,"Total-Protein (ZL)","Laboratory",,"g/dl",0,0,
295,"Basophile absolut (ZL)","Laboratory",,"g/L",0,0,
296,"Basophile abs. Handdiff. (ZL)","Laboratory",,"g/L",0,0,
297,"Blasten absolut (ZL)","Laboratory",,"g/L",0,0,
298,"Methylhippursäure im Urin (ZL)","Laboratory",,"g/L",0,0,
299,"Eosinophile absolut (ZL)","Laboratory",,"g/L",0,0,
300,"Eosinophile abs. Handdiff. (ZL)","Laboratory",,"g/L",0,0,
301,"Leukocyten (ZL)","Laboratory",,"g/L",0,0,
302,"Lymphocyten absolut (ZL)","Laboratory",,"g/L",0,0,
303,"Lymphocyten abs. Handdiff. (ZL)","Laboratory",,"g/L",0,0,
304,"Metamyelocyten absolut (ZL)","Laboratory",,"g/L",0,0,
305,"Monocyten absolut (ZL)","Laboratory",,"g/L",0,0,
306,"Monocyten abs. Handdiff. (ZL)","Laboratory",,"g/L",0,0,
307,"Myelocyten absolut (ZL)","Laboratory",,"g/L",0,0,
308,"Neutr. Granulocyten abs (ZL)","Laboratory",,"g/L",0,0,
309,"Neutr.Granuloc.abs.Handdiff. (ZL)","Laboratory",,"g/L",0,0,
310,"Plasmazellen absolut (ZL)","Laboratory",,"g/L",0,0,
311,"Promyelocyten absolut (ZL)","Laboratory",,"g/L",0,0,
312,"Reticulocyten absolut (ZL)","Laboratory",,"g/L",0,0,
313,"Stabkernige abs. Handdiff. (ZL)","Laboratory",,"g/L",0,0,
314,"Thrombocyten (ZL)","Laboratory",,"g/L",0,0,
315,"Thrombocyten/Citratblut (ZL)","Laboratory",,"g/L",0,0,
316,"Erythropoietin (ZL)","Laboratory",,"IU/L",0,0,
317,"Antistreptolysin-O-Titer (ZL)","Laboratory",,"IU/ml",0,0,
318,"Hepatitis-B-HBs-Antigen-quantitativ (ZL)","Laboratory",,"IU/ml",0,0,
319,"Hepatitis-C-RNA quantitativ (ZL)","Laboratory",,"IU/ml",0,0,
320,"Heparin-Monitoring (ZL)","Laboratory",,"IU/ml",0,0,
321,"Immunglobulin E (ZL)","Laboratory",,"IU/ml",0,0,
322,"Orgaran-Monitoring (ZL)","Laboratory",,"IU/ml",0,0,
323,"Rheumafaktor (ZL)","Laboratory",,"IU/ml",0,0,
324,"5-Hydroxyindolessigsäure (ZL)","Laboratory",,"mg/24h",0,0,
325,"Oxalsäure im 24 Std.Harn (ZL)","Laboratory",,"mg/24h",0,0,
326,"Total-Protein/24-Std.Harn (ZL)","Laboratory",,"mg/24h",0,0,
327,"Vanillinmandelsäure im Urin (ZL)","Laboratory",,"mg/24h",0,0,
328,"Alpha-1-Antitrypsin (ZL)","Laboratory",,"mg/dl",0,0,
329,"Apo-Lipoprotein A-1 (ZL)","Laboratory",,"mg/dl",0,0,
330,"Apo-Lipoprotein B (ZL)","Laboratory",,"mg/dl",0,0,
331,"Glucose (BG) (ZL)","Laboratory",,"mg/dl",0,0,
332,"Bilirubin (direkt) (ZL)","Laboratory",,"mg/dl",0,0,
333,"Bilirubin (gesamt) (ZL)","Laboratory",,"mg/dl",0,0,
334,"C 3 Komplement (ZL)","Laboratory",,"mg/dl",0,0,
335,"C 4 Komplement (ZL)","Laboratory",,"mg/dl",0,0,
336,"C-1-Inhibitor (ZL)","Laboratory",,"mg/dl",0,0,
337,"Caeruloplasmin (ZL)","Laboratory",,"mg/dl",0,0,
338,"Cholesterin (ZL)","Laboratory",,"mg/dl",0,0,
339,"Kreatinin(CKR) (ZL)","Laboratory",,"mg/dl",0,0,
340,"Kreatinin im Urin(CKR) (ZL)","Laboratory",,"mg/dl",0,0,
341,"C-reaktives Protein (ZL)","Laboratory",,"mg/dl",0,0,
342,"Eiweiss im Liquor (ZL)","Laboratory",,"mg/dl",0,0,
343,"Eiweiss im Urin (ZL)","Laboratory",,"mg/dl",0,0,
344,"Fibrinogen (ZL)","Laboratory",,"mg/dl",0,0,
345,"Fibrinogen immunologisch (ZL)","Laboratory",,"mg/dl",0,0,
346,"freies Plasma Hämoglobin (ZL)","Laboratory",,"mg/dl",0,0,
347,"Glukose im Liquor (ZL)","Laboratory",,"mg/dl",0,0,
348,"Glukose (ZL)","Laboratory",,"mg/dl",0,0,
349,"Haptoglobin (ZL)","Laboratory",,"mg/dl",0,0,
350,"HDL-Cholesterin (ZL)","Laboratory",,"mg/dl",0,0,
351,"high-sensitive CRP (ZL)","Laboratory",,"mg/dl",0,0,
352,"Harnsäure im Punktat (ZL)","Laboratory",,"mg/dl",0,0,
353,"Harnsäure im Spontanharn (ZL)","Laboratory",,"mg/dl",0,0,
354,"Harnsäure (ZL)","Laboratory",,"mg/dl",0,0,
355,"Harnstoff (ZL)","Laboratory",,"mg/dl",0,0,
356,"Harnstoff im Spontanharn (ZL)","Laboratory",,"mg/dl",0,0,
357,"Immunglobulin A (ZL)","Laboratory",,"mg/dl",0,0,
358,"Immunglobulin D (ZL)","Laboratory",,"mg/dl",0,0,
359,"Immunglobulin G (ZL)","Laboratory",,"mg/dl",0,0,
360,"IgG-Subklasse 1 (ZL)","Laboratory",,"mg/dl",0,0,
361,"IgG-Subklasse 2 (ZL)","Laboratory",,"mg/dl",0,0,
362,"IgG-Subklasse 3 (ZL)","Laboratory",,"mg/dl",0,0,
363,"IgG-Subklasse 4 (ZL)","Laboratory",,"mg/dl",0,0,
364,"Immunglobulin M (ZL)","Laboratory",,"mg/dl",0,0,
365,"Kappa-Leichtketten (ZL)","Laboratory",,"mg/dl",0,0,
366,"Kappa-Leichtketten im Urin (ZL)","Laboratory",,"mg/dl",0,0,
367,"Kreatinin (ZL)","Laboratory",,"mg/dl",0,0,
368,"Kreatinin enzymatisch (ZL)","Laboratory",,"mg/dl",0,0,
369,"Kreatinin (HPM) (ZL)","Laboratory",,"mg/dl",0,0,
370,"Kreatinin im Spontanurin (ZL)","Laboratory",,"mg/dl",0,0,
371,"Lambda Leichtketten im Urin (ZL)","Laboratory",,"mg/dl",0,0,
372,"Lambda-Leichtketten (ZL)","Laboratory",,"mg/dl",0,0,
373,"LDL-Cholesterin berechnet (ZL)","Laboratory",,"mg/dl",0,0,
374,"Lipoprotein (a) (ZL)","Laboratory",,"mg/dl",0,0,
375,"Mikro-Albumin im Urin (ZL)","Laboratory",,"mg/dl",0,0,
376,"Oxalsäure im Spontanharn (ZL)","Laboratory",,"mg/dl",0,0,
377,"Cholesterin im Punktat (ZL)","Laboratory",,"mg/dl",0,0,
378,"Glukose im Punktat (ZL)","Laboratory",,"mg/dl",0,0,
379,"Harnstoff im Punktat (ZL)","Laboratory",,"mg/dl",0,0,
380,"Kreatinin im Punktat (ZL)","Laboratory",,"mg/dl",0,0,
381,"Triglyceride im Punktat (ZL)","Laboratory",,"mg/dl",0,0,
382,"Präalbumin (ZL)","Laboratory",,"mg/dl",0,0,
383,"Salicylat im Serum (ZL)","Laboratory",,"mg/dl",0,0,
384,"Transferrin (ZL)","Laboratory",,"mg/dl",0,0,
385,"Triglyceride (ZL)","Laboratory",,"mg/dl",0,0,
386,"Alpha1-Mikroglobulin (HPM) (ZL)","Laboratory",,"mg/gKrea",0,0,
387,"Albumin (HPM) (ZL)","Laboratory",,"mg/gKrea",0,0,
388,"Immunglobulin G (HPM) (ZL)","Laboratory",,"mg/gKrea",0,0,
389,"Total-Protein (HPM) (ZL)","Laboratory",,"mg/gKrea",0,0,
390,"Acetaminophen (Paracetamol) (ZL)","Laboratory",,"mg/L",0,0,
391,"Delta-Amino-Laevulinsäure/U (ZL)","Laboratory",,"mg/L",0,0,
392,"Albumin im Liquor (ZL)","Laboratory",,"mg/L",0,0,
393,"Amikacin (ZL)","Laboratory",,"mg/L",0,0,
394,"Amiodaron (ZL)","Laboratory",,"mg/L",0,0,
395,"Beta-2-Microglobulin (ZL)","Laboratory",,"None",0,0,
396,"Harnstoff-Stickstoff/Urin (ZL)","Laboratory",,"mg/L",0,0,
397,"Carbamazepin-Epoxyd (ZL)","Laboratory",,"mg/L",0,0,
398,"Carbamazepin (ZL)","Laboratory",,"mg/L",0,0,
399,"Coffein (ZL)","Laboratory",,"mg/L",0,0,
400,"Cotinin im Urin (ZL)","Laboratory",,"mg/L",0,0,
401,"Cystatin C (ZL)","Laboratory",,"mg/L",0,0,
402,"D-Dimer (ZL)","Laboratory",,"mg/L",0,0,
403,"Desethylamiodaron (ZL)","Laboratory",,"mg/L",0,0,
404,"Ethylglucuronid (ETG) (ZL)","Laboratory",,"mg/L",0,0,
405,"Ethosuximid (ZL)","Laboratory",,"mg/L",0,0,
406,"Gesamteiweiss im Urin (mg/l) (ZL)","Laboratory",,"mg/L",0,0,
407,"f-Kappa Leichtketten/U (ZL)","Laboratory",,"mg/L",0,0,
408,"f- Kappa Leichtketten/S (ZL)","Laboratory",,"mg/L",0,0,
409,"f- Lambda Leichtketten/U (ZL)","Laboratory",,"mg/L",0,0,
410,"f-Lambda Leichtketten/S (ZL)","Laboratory",,"mg/L",0,0,
411,"Immunglobulin A im Liquor (ZL)","Laboratory",,"mg/L",0,0,
412,"Immunglobulin G im Liquor (ZL)","Laboratory",,"mg/L",0,0,
413,"Immunglobulin M im Liquor (ZL)","Laboratory",,"mg/L",0,0,
414,"Levetiracetam (ZL)","Laboratory",,"mg/L",0,0,
415,"Lamotrigin (ZL)","Laboratory",,"mg/L",0,0,
416,"LBP (ZL)","Laboratory",,"mg/L",0,0,
417,"LBP / Cordalblut (ZL)","Laboratory",,"mg/L",0,0,
418,"Methohexital (ZL)","Laboratory",,"mg/L",0,0,
419,"Midazolam (ZL)","Laboratory",,"mg/L",0,0,
420,"Hydroxy-Carbazepin (ZL)","Laboratory",,"mg/L",0,0,
421,"Oxcarbazepin (ZL)","Laboratory",,"mg/L",0,0,
422,"Phenobarbital (ZL)","Laboratory",,"mg/L",0,0,
423,"Phenytoin (ZL)","Laboratory",,"mg/L",0,0,
424,"Primidon (ZL)","Laboratory",,"mg/L",0,0,
425,"Serum Amyloid A (ZL)","Laboratory",,"mg/L",0,0,
426,"Sultiam (ZL)","Laboratory",,"mg/L",0,0,
427,"Teicoplanin (ZL)","Laboratory",,"mg/L",0,0,
428,"Transferrin-Rezeptor-löslich (ZL)","Laboratory",,"mg/L",0,0,
429,"Theophyllin (ZL)","Laboratory",,"mg/L",0,0,
430,"Thiopental (ZL)","Laboratory",,"mg/L",0,0,
431,"Tobramycin (ZL)","Laboratory",,"mg/L",0,0,
432,"Topiramat (ZL)","Laboratory",,"mg/L",0,0,
433,"Valproinsäure/Dipropylacetat (ZL)","Laboratory",,"mg/L",0,0,
434,"Vancomycin (ZL)","Laboratory",,"mg/L",0,0,
435,"Vitamin A (ZL)","Laboratory",,"mg/L",0,0,
436,"Vitamin E (ZL)","Laboratory",,"mg/L",0,0,
437,"Zink (ZL)","Laboratory",,"mg/L",0,0,
438,"Zonisamid (ZL)","Laboratory",,"mg/L",0,0,
439,"Harnsammelzeit (ZL)","Laboratory",,"min",0,0,
440,"Harnsammelmenge (ZL)","Laboratory",,"ml",0,0,
441,"Kreatinin Clearance Erw (ZL)","Laboratory",,"ml/min",0,0,
442,"Blutsenkung 1Std.(Automat) (ZL)","Laboratory",,"mm/h",0,0,
443,"PCO2 (ZL)","Laboratory",,"mmHg",0,0,
444,"PO2 (ZL)","Laboratory",,"mmHg",0,0,
445,"KOD (ZL)","Laboratory",,"mmHg",0,0,
446,"Magnesium im 24-Std.Harn (ZL)","Laboratory",,"mmol/24h",0,0,
447,"Natrium im 24-Std.Harn (ZL)","Laboratory",,"mmol/24h",0,0,
448,"Phosphor im 24-Std.Harn (ZL)","Laboratory",,"mmol/24h",0,0,
449,"BE (ZL)","Laboratory",,"mmol/L",0,0,
450,"Chlorid (ZL)","Laboratory",,"mmol/L",0,0,
451,"Akt. Bicarbonat (ZL)","Laboratory",,"mmol/L",0,0,
452,"Calcium ionisiert (ZL)","Laboratory",,"mmol/L",0,0,
453,"Kalium (BG) (ZL)","Laboratory",,"mmol/L",0,0,
454,"Lactat (BG) (ZL)","Laboratory",,"mmol/L",0,0,
455,"Natrium (BG) (ZL)","Laboratory",,"mmol/L",0,0,
456,"Bicarbonat (ZL)","Laboratory",,"mmol/L",0,0,
457,"Calcium (ZL)","Laboratory",,"mmol/L",0,0,
458,"Calcium im Spontanharn (ZL)","Laboratory",,"mmol/L",0,0,
459,"Calcium(CKR) (ZL)","Laboratory",,"mmol/L",0,0,
460,"Calcium im 24-Std.Harn(CKR) (ZL)","Laboratory",,"mmol/L",0,0,
461,"Chlorid im Liquor (ZL)","Laboratory",,"mmol/L",0,0,
462,"Chlorid im Schweiss (ZL)","Laboratory",,"mmol/L",0,0,
463,"Kalium (ZL)","Laboratory",,"mmol/L",0,0,
464,"Kalium im Spontanharn (ZL)","Laboratory",,"mmol/L",0,0,
465,"Lactat (ZL)","Laboratory",,"mmol/L",0,0,
466,"Lactat im Liquor (ZL)","Laboratory",,"mmol/L",0,0,
467,"Lithium (ZL)","Laboratory",,"mmol/L",0,0,
468,"Magnesium (ZL)","Laboratory",,"mmol/L",0,0,
469,"Natrium (ZL)","Laboratory",,"mmol/L",0,0,
470,"Natrium im Spontanharn (ZL)","Laboratory",,"mmol/L",0,0,
471,"Phosphor (ZL)","Laboratory",,"mmol/L",0,0,
472,"Phosphor im Spontanharn (ZL)","Laboratory",,"mmol/L",0,0,
473,"Lactat im Punktat (ZL)","Laboratory",,"mmol/L",0,0,
474,"HbA1c (IFCC) (ZL)","Laboratory",,"mmol/mol",0,0,
475,"Osmolalität/Harn (ZL)","Laboratory",,"mOsm/kg",0,0,
476,"Osmolalität/Serum (ZL)","Laboratory",,"mOsm/kg",0,0,
477,"Hum.plac.alk. Phosphatase (ZL)","Laboratory",,"mU/L",0,0,
478,"Insulin (ZL)","Laboratory",,"mU/L",0,0,
479,"TSH(Thyreotropin) (ZL)","Laboratory",,"mU/L",0,0,
480,"Adrenalin im Plasma (ZL)","Laboratory",,"ng/L",0,0,
481,"hs Troponin T (ZL)","Laboratory",,"ng/L",0,0,
482,"Inhibin B (ZL)","Laboratory",,"ng/L",0,0,
483,"Katecholamine im Plasma (ZL)","Laboratory",,"ng/L",0,0,
484,"Alprazolam (ZL)","Laboratory",,"ng/ml",0,0,
485,"Amisulprid (ZL)","Laboratory",,"ng/ml",0,0,
486,"Amitriptylin (ZL)","Laboratory",,"ng/ml",0,0,
487,"Aripiprazol (ZL)","Laboratory",,"ng/ml",0,0,
488,"Bromazepam (ZL)","Laboratory",,"ng/ml",0,0,
489,"Citalopram (ZL)","Laboratory",,"ng/ml",0,0,
490,"Chlordiazepoxyd (ZL)","Laboratory",,"ng/ml",0,0,
491,"Clomipramin (ZL)","Laboratory",,"ng/ml",0,0,
492,"Clonazepam (ZL)","Laboratory",,"ng/ml",0,0,
493,"Clozapin (ZL)","Laboratory",,"ng/ml",0,0,
494,"Desimipramin (ZL)","Laboratory",,"ng/ml",0,0,
495,"O-Desmethyl-Venlafaxin (ZL)","Laboratory",,"ng/ml",0,0,
496,"Diazepam (ZL)","Laboratory",,"ng/ml",0,0,
497,"Doxepin (ZL)","Laboratory",,"ng/ml",0,0,
498,"Duloxetin (ZL)","Laboratory",,"ng/ml",0,0,
499,"Escitalopram (ZL)","Laboratory",,"ng/ml",0,0,
500,"Flunitrazepam (ZL)","Laboratory",,"ng/ml",0,0,
501,"Fluoxetin (ZL)","Laboratory",,"ng/ml",0,0,
502,"Fluoxetin und Metabolit (ZL)","Laboratory",,"ng/ml",0,0,
503,"Flupentixol (ZL)","Laboratory",,"ng/ml",0,0,
504,"Fluphenazin (ZL)","Laboratory",,"ng/ml",0,0,
505,"Fluvoxamin (ZL)","Laboratory",,"ng/ml",0,0,
506,"Folsäure (ZL)","Laboratory",,"ng/ml",0,0,
507,"Haloperidol (ZL)","Laboratory",,"ng/ml",0,0,
508,"Imipramin (ZL)","Laboratory",,"ng/ml",0,0,
509,"Leptin (ZL)","Laboratory",,"ng/ml",0,0,
510,"Lorazepam (ZL)","Laboratory",,"ng/ml",0,0,
511,"Maprotilin (ZL)","Laboratory",,"ng/ml",0,0,
512,"Mianserin (ZL)","Laboratory",,"ng/ml",0,0,
513,"Milnacipran (ZL)","Laboratory",,"ng/ml",0,0,
514,"Mirtazapin (ZL)","Laboratory",,"ng/ml",0,0,
515,"Nitrazepam (ZL)","Laboratory",,"ng/ml",0,0,
516,"Norclomipramin (ZL)","Laboratory",,"ng/ml",0,0,
517,"Norclozapin (ZL)","Laboratory",,"ng/ml",0,0,
518,"Nordoxepin (ZL)","Laboratory",,"ng/ml",0,0,
519,"Norfluoxetin (ZL)","Laboratory",,"ng/ml",0,0,
520,"Nortriptylin (ZL)","Laboratory",,"ng/ml",0,0,
521,"Hydroxy-Risperidon (ZL)","Laboratory",,"ng/ml",0,0,
522,"Oxazepam (ZL)","Laboratory",,"ng/ml",0,0,
523,"Paroxetin (ZL)","Laboratory",,"ng/ml",0,0,
524,"Perphenazin (ZL)","Laboratory",,"ng/ml",0,0,
525,"Quetiapin (ZL)","Laboratory",,"ng/ml",0,0,
526,"Reboxetin (ZL)","Laboratory",,"ng/ml",0,0,
527,"Risperidon (ZL)","Laboratory",,"ng/ml",0,0,
528,"Risperidon und Metabolit (ZL)","Laboratory",,"ng/ml",0,0,
529,"Sertindol (ZL)","Laboratory",,"ng/ml",0,0,
530,"Sertralin (ZL)","Laboratory",,"ng/ml",0,0,
531,"Trazodon (ZL)","Laboratory",,"ng/ml",0,0,
532,"Venlafaxin (ZL)","Laboratory",,"ng/ml",0,0,
533,"Venlafaxin und Metabolit (ZL)","Laboratory",,"ng/ml",0,0,
534,"Ziprasidon (ZL)","Laboratory",,"ng/ml",0,0,
535,"Zotepin (ZL)","Laboratory",,"ng/ml",0,0,
536,"Zuclopenthixol (ZL)","Laboratory",,"ng/ml",0,0,
537,"Anti-Cycl.Citrull.Peptid AK (ZL)","Laboratory",,"None",0,0,
538,"pH (ZL)","Laboratory",,"None",0,0,
539,"CD4+CD8+/T-Zellratio (ZL)","Laboratory",,"None",0,0,
540,"Gentamycin (ZL)","Laboratory",,"None",0,0,
541,"Glukose im Urin (ZL)","Laboratory",,"None",0,0,
542,"Hepatitis-A-IgG-AK (ZL)","Laboratory",,"None",0,0,
543,"Hepatitis-A-IgM-AK (ZL)","Laboratory",,"None",0,0,
544,"Hepatitis-B-Anti-HBc-AK(II) (ZL)","Laboratory",,"None",0,0,
545,"Hepatitis-B-Anti-HBc-IgM-AK (ZL)","Laboratory",,"None",0,0,
546,"Hepatitis-B-HBe-Antigen (ZL)","Laboratory",,"None",0,0,
547,"Hepatitis-B-Anti-HBe-AK (ZL)","Laboratory",,"None",0,0,
548,"Hepatitis-B-HBs-Antigen (ZL)","Laboratory",,"None",0,0,
549,"Hepatitis-B-Anti-HBs-AK (ZL)","Laboratory",,"None",0,0,
550,"Hepatitis-C-AK (ZL)","Laboratory",,"None",0,0,
551,"Immunfixation (Immunelphor.) (ZL)","Laboratory",,"None",0,0,
552,"Immunfixation-Bild (HYDRAGEL) (ZL)","Laboratory",,"None",0,0,
553,"Kalium im 24-Std.... (ZL)","Laboratory",,"None",0,0,
554,"Kaolin Clotting Time (ZL)","Laboratory",,"None",0,0,
555,"Leukocyten im Urin (ZL)","Laboratory",,"None",0,0,
556,"TreponemaPallidum(Lues)-AK (ZL)","Laboratory",,"None",0,0,
557,"Mykophenolsäure... (ZL)","Laboratory",,"None",0,0,
558,"Nitrit im Urin (ZL)","Laboratory",,"None",0,0,
559,"pH im Urin (ZL)","Laboratory",,"None",0,0,
560,"pH im Punktat (ZL)","Laboratory",,"None",0,0,
561,"Spez.Gewicht im Urin (ZL)","Laboratory",,"None",0,0,
562,"Schwangerschaftstag (ZL)","Laboratory",,"None",0,0,
563,"Schwangerschaftswoche (ZL)","Laboratory",,"None",0,0,
564,"Alkohol (ZL)","Laboratory",,"Per mill",0,0,
565,"Kleihauer(fetale Ery) (ZL)","Laboratory",,"Per mill",0,0,
566,"MCH (ZL)","Laboratory",,"pg",0,0,
567,"Hb des Einzel-Reticulocyten (ZL)","Laboratory",,"pg",0,0,
568,"Interleukin 10 (ZL)","Laboratory",,"pg/ml",0,0,
569,"Interleukin 6 (ZL)","Laboratory",,"pg/ml",0,0,
570,"Interleukin 6 / Cordalblut (ZL)","Laboratory",,"pg/ml",0,0,
571,"NT-proBNP (ZL)","Laboratory",,"pg/ml",0,0,
572,"Pro Gastrin releasing Peptid (ZL)","Laboratory",,"pg/ml",0,0,
573,"Tumor Nekrose Faktor alpha (ZL)","Laboratory",,"pg/ml",0,0,
574,"Vitamin B12 (ZL)","Laboratory",,"pg/ml",0,0,
575,"Freies Trijodthyronin (ZL)","Laboratory",,"pmol/L",0,0,
576,"Freies Thyroxin (ZL)","Laboratory",,"pmol/L",0,0,
577,"Holo-Transcobalamin (ZL)","Laboratory",,"pmol/L",0,0,
578,"Myeloperoxidase (ZL)","Laboratory",,"pmol/L",0,0,
579,"A2MakroglobAlbuminRatio (ZL)","Laboratory",,"Ratio",0,0,
580,"Albumin_Serum_Liquor-Quotient (ZL)","Laboratory",,"Ratio",0,0,
581,"APC-Resistenz (ZL)","Laboratory",,"Ratio",0,0,
582,"Calcium/Kreatinin-Ratio (ZL)","Laboratory",,"Ratio",0,0,
583,"Leichtketten frei Ratio (ZL)","Laboratory",,"Ratio",0,0,
584,"IgA_Serum_Liquor-Quotient (ZL)","Laboratory",,"Ratio",0,0,
585,"IgG / Albumin Ratio (ZL)","Laboratory",,"Ratio",0,0,
586,"IgG_Serum_Liquor-Quotient (ZL)","Laboratory",,"Ratio",0,0,
587,"IgM_Serum_Liquor-Quotient (ZL)","Laboratory",,"Ratio",0,0,
588,"Kappa/Lambda  Quotient (ZL)","Laboratory",,"Ratio",0,0,
589,"PCA3-Score (ZL)","Laboratory",,"Ratio",0,0,
590,"Punktat-Albumin-Ratio (ZL)","Laboratory",,"Ratio",0,0,
591,"Punktat-LDH-Ratio (ZL)","Laboratory",,"Ratio",0,0,
592,"Punktat-TP-Ratio (ZL)","Laboratory",,"Ratio",0,0,
593,"ProC-GLOBAL (ZL)","Laboratory",,"Ratio",0,0,
594,"v.Willebrand-Ratio (ZL)","Laboratory",,"Ratio",0,0,
595,"Lupus Antikoagulans 1 (DRVV) (ZL)","Laboratory",,"sec",0,0,
596,"PFA100-Kollagen/Epinephrin (ZL)","Laboratory",,"sec",0,0,
597,"Part.Thromboplastinzeit (ZL)","Laboratory",,"sec",0,0,
598,"Thrombinzeit (ZL)","Laboratory",,"sec",0,0,
599,"Erythrocytenzahl (ZL)","Laboratory",,"T/L.",0,0,
600,"Thrombozytenaggr.ADP (ZL)","Laboratory",,"U",0,0,
601,"Thrombozytenaggr.ASPI (ZL)","Laboratory",,"U",0,0,
602,"Thrombozytenaggr.Kollagen (ZL)","Laboratory",,"U",0,0,
603,"Thrombozytenaggr.Ristocetin (ZL)","Laboratory",,"U",0,0,
604,"Thrombozytenaggr.TRAP (ZL)","Laboratory",,"U",0,0,
605,"Angiotensin conv. Enzym (ZL)","Laboratory",,"U/L",0,0,
606,"Aldolase (ZL)","Laboratory",,"U/L",0,0,
607,"Amylase im Urin (ZL)","Laboratory",,"U/L",0,0,
608,"Amylase (ZL)","Laboratory",,"U/L",0,0,
609,"Alkalische Phosphatase (ZL)","Laboratory",,"U/L",0,0,
610,"Beta-h-Choriongonadotropin (ZL)","Laboratory",,"U/L",0,0,
611,"Creatinkinase (ZL)","Laboratory",,"U/L",0,0,
612,"CK-MB enzymatisch (ZL)","Laboratory",,"U/L",0,0,
613,"freies Beta-HCG (ZL)","Laboratory",,"U/L",0,0,
614,"Gamma-GT (ZL)","Laboratory",,"U/L",0,0,
615,"GLDH (ZL)","Laboratory",,"U/L",0,0,
616,"GOT ( AST) (ZL)","Laboratory",,"U/L",0,0,
617,"GPT ( ALT) (ZL)","Laboratory",,"U/L",0,0,
618,"HBDH (ZL)","Laboratory",,"U/L",0,0,
619,"Hepatitis-A-AK-Titer (ZL)","Laboratory",,"U/L",0,0,
620,"Hepatitis-B-AK-Titer (ZL)","Laboratory",,"U/L",0,0,
621,"knochenspez.alk.Phosphatase (ZL)","Laboratory",,"U/L",0,0,
622,"LDH (ZL)","Laboratory",,"U/L",0,0,
623,"Lipase (ZL)","Laboratory",,"U/L",0,0,
624,"Pregn.Assoc.Plasma Protein-A (ZL)","Laboratory",,"U/L",0,0,
625,"Amylase im Punktat (ZL)","Laboratory",,"U/L",0,0,
626,"LDH im Punktat (ZL)","Laboratory",,"U/L",0,0,
627,"Lipase im Punktat (ZL)","Laboratory",,"U/L",0,0,
628,"Cardiolipin-AK-IgG (ZL)","Laboratory",,"U/mL",0,0,
629,"Cardiolipin-AK-IgM (ZL)","Laboratory",,"U/mL",0,0,
630,"BETA-2-Glykoprotein-AK-IgG (ZL)","Laboratory",,"U/mL",0,0,
631,"BETA-2-Glykoprotein-AK-IgM (ZL)","Laboratory",,"U/mL",0,0,
632,"CA 12-5 Markerprotein (ZL)","Laboratory",,"U/mL",0,0,
633,"CA 15-3 Markerprotein (ZL)","Laboratory",,"U/mL",0,0,
634,"CA 19-9 Markerprotein (ZL)","Laboratory",,"U/mL",0,0,
635,"CA 72-4 Markerprotein (ZL)","Laboratory",,"U/mL",0,0,
636,"Cholinesterase (ZL)","Laboratory",,"U/mL",0,0,
637,"Zirkulierende Immunkomplexe (ZL)","Laboratory",,"U/mL",0,0,
638,"Leukocyten im Dialysat (ZL)","Laboratory",,"Cells/µL",0,0,
639,"Leukocyten im Punktat (ZL)","Laboratory",,"Cells/µL",0,0,
640,"Pentacarboxyporphyrin (ZL)","Laboratory",,"µg/24h",0,0,
641,"Hexacarboxyporphyrin (ZL)","Laboratory",,"µg/24h",0,0,
642,"Heptacarboxyporphyrin (ZL)","Laboratory",,"µg/24h",0,0,
643,"Koproporphyrin I (ZL)","Laboratory",,"None",0,0,
644,"Koproporphyrin III (ZL)","Laboratory",,"µg/24h",0,0,
645,"Uroporphyrin (ZL)","Laboratory",,"µg/24h",0,0,
646,"Serotonin im Urin (ZL)","Laboratory",,"µg/24h",0,0,
647,"Normetanephrin/Urin (ZL)","Laboratory",,"µg/24h",0,0,
648,"Metanephrin im Urin (ZL)","Laboratory",,"µg/24h",0,0,
649,"Katecholamine im Urin (ZL)","Laboratory",,"µg/24h",0,0,
650,"Kupfer im Urin (AAS) (ZL)","Laboratory",,"µg/24h",0,0,
651,"Linezolid (ZL)","Laboratory",,"µg/ml",0,0,
652,"Glomuläre Filtrationsrate (ZL)","Laboratory",,"None",0,0,
653,"Glomuläre Filtrationsrate CKD-EPI (ZL)","Laboratory",,"None",0,0,
654,"Luftdruck (BGA)","Laboratory",,"mmHg",0,0,
655,"Calcium (i) (BGA)","Laboratory",,"mmol/L",0,0,
656,"Glukose (BGA)","Laboratory",,"mg/dl",0,0,
657,"Lactat (BGA)","Laboratory",,"mmol/L",0,0,
658,"Hämoglobin (BGA)","Laboratory",,"g/dl",0,0,
659,"O2-Hämoglobin (BGA)","Laboratory",,"%",0,0,
660,"CO-Hämoglobin (BGA)","Laboratory",,"%",0,0,
661,"Met-Hämoglobin (BGA)","Laboratory",,"%",0,0,
662,"Deoxy-Hämoglobin (BGA)","Laboratory",,"%",0,0,
663,"PH (T) (BGA)","Laboratory",,"None",0,0,
664,"PO2 (T) (BGA)","Laboratory",,"mmHg",0,0,
665,"PCO2 (T) (BGA)","Laboratory",,"mmHg",0,0,
666,"HCO3 act (BGA)","Laboratory",,"mmol/L",0,0,
667,"HCO3 Std (BGA)","Laboratory",,"mmol/L",0,0,
668,"BE (B) (BGA)","Laboratory",,"mmol/L",0,0,
669,"BE ecf (BGA)","Laboratory",,"mmol/L",0,0,
670,"CtCo2 (BGA)","Laboratory",,"mmol/L",0,0,
671,"Ca (pH) (BGA)","Laboratory",,"mmol/L",0,0,
672,"Anionen Gap (BGA)","Laboratory",,"mmol/L",0,0,
673,"O2 SAT est (BGA)","Laboratory",,"%",0,0,
674,"CtO2 (art) (BGA)","Laboratory",,"mmol/L",0,0,
675,"CtO2 (ven) (BGA)","Laboratory",,"mmol/L",0,0,
676,"CtO2 (Hb) (BGA)","Laboratory",,"mmol/L",0,0,
677,"CtO2 (BGA)","Laboratory",,"mmol/L",0,0,
678,"CtO2 (gem. ven) (BGA)","Laboratory",,"mmol/L",0,0,
679,"pO2 (A-a) (T) (BGA)","Laboratory",,"mmHg",0,0,
680,"pO2 (A/a) (T) (BGA)","Laboratory",,"mmHg",0,0,
681,"Temp. (BGA)","Laboratory",,"°C",0,0,
682,"Hämatokrit (BGA)","Laboratory",,"%",0,0,
683,"Chlorid (BGA)","Laboratory",,"mmol/L",0,0,
684,"FiO2 (BGA)","Laboratory",,"%",0,0,
685,"Kalium (BGA)","Laboratory",,"mmol/L",0,0,
686,"Natrium (BGA)","Laboratory","Note: Known validity issues due to a inreliable sodium sensor. Use Natrium (ZL).","mmol/L",0,0,
687,"PCO2 (BGA)","Laboratory",,"mmHg",0,0,
688,"PH (BGA)","Laboratory",,"None",0,0,
689,"PO2 (BGA)","Laboratory",,"mmHg",0,0,
690,"SO2 (BGA)","Laboratory",,"None",0,0,
691,"Osmolarität","Laboratory",,"mmol/kg",0,0,
692,"Shunt","Laboratory",,"%",0,0,
693,"ZzzPO2 (BGA) art","Laboratory",,"mmHg",0,0,
694,"PO2 (BGA) ven","Laboratory",,"mmHg",0,0,
695,"PO2 (BGA) kap","Laboratory",,"mmHg",0,0,
696,"ZzzPH (BGA) art","Laboratory",,"None",0,0,
697,"PH (BGA) ven","Laboratory",,"None",0,0,
698,"PH (BGA) kap","Laboratory",,"None",0,0,
699,"PO2 (BGA) gemV","Laboratory",,"mmHg",0,0,
700,"PH (BGA) gemV","Laboratory",,"None",0,0,
701,"BloodPressureArterialSystolic","SignalFloat",,"mmHg",0,0,
702,"BloodPressureArterialDiastolic","SignalFloat",,"mmHg",0,0,
703,"BloodPressureArterialMAP","SignalFloat",,"mmHg",0,0,
704,"BloodPressureNISystolic","SignalFloat",,"mmHg",0,0,
705,"BloodPressureNIDiastolic","SignalFloat",,"mmHg",0,0,
706,"BloodPressureNIMAP","SignalFloat",,"mmHg",0,0,
707,"HeartRateEKG","SignalFloat",,"/min",0,0,
708,"HeartRateSPO2","SignalFloat",,"/min",0,0,
709,"Temperature","SignalFloat",,"°C",0,0,
710,"SPO2","SignalFloat",,"%",0,0,
711,"PEEP","SignalFloat",,,0,0,
712,"Mean Airway Pressure","SignalFloat",,"mbar",0,0,
713,"MV (exp)","SignalFloat",,"L",0,0,
714,"FIO2","VentilatorConfiguration",,,0,0,
715,"pPeak","SignalFloat",,"mbar",0,0,
716,"etCO2","SignalFloat",,"mmHg",0,0,
717,"TV (insp)","SignalFloat",,"ml",0,0,
718,"TV (exp)","SignalFloat",,"ml",0,0,
719,"RespRate","SignalFloat",,"/min",0,0,
720,"EndotrachealTube","Airway",,,0,0,
721,"Unknown","SignalInt",,,0,0,
722,"Intubated","SignalInt",,,0,0,
723,"CRRT Bloodflow","SignalFloat",,"ml/min",0,0,
724,"HeartRateABP","SignalFloat",,"/min",0,0,
725,"Urine (c)","SignalFloat",,"ml",0,0,
726,"GastricTube","SignalFloat",,"ml",0,0,
727,"FIO2","SignalFloat",,,0,0,
728,"Sevofluran (insp)","SignalFloat",,"Vol%",0,0,
729,"Sevofluran (exp)","SignalFloat",,"Vol%",0,0,
730,"CRRT DialysateFlow","SignalFloat",,"ml/h",0,0,
731,"CRRT SubstitutePrae","SignalFloat",,"ml/h",0,0,
732,"CRRT SubstitutePost","SignalFloat",,"ml/h",0,0,
733,"Norepinephrin","SignalDrug",,,0,0,
734,"NorepinephrinpKG","SignalDrug",,,0,0,
735,"male","Sex",,,0,0,
736,"female","Sex",,,0,0,
737,"unknown","Sex",,,0,0,
738,"No","YesNoUnknown",,,0,0,
739,"Unknown","YesNoUnknown",,,0,0,
740,"Yes","YesNoUnknown",,,0,0,
741,"OrbisImporterSALK","Importer",,,0,0,
742,"Unfallchirurgie","ReferringUnit",,,0,0,
743,"Unknown","ReferringUnit",,,0,0,
744,"Herzchirurgie","ReferringUnit",,,0,0,
745,"NoSignals","ExcludedReason",,,0,0,
746,"Allgemeinchirurgie","ReferringUnit",,,0,0,
747,"Gefäßchirurgie","ReferringUnit",,,0,0,
748,"Neurologie","ReferringUnit",,,0,0,
749,"HNO","ReferringUnit",,,0,0,
750,"Orthopädie","ReferringUnit",,,0,0,
751,"Kieferchirurgie","ReferringUnit",,,0,0,
752,"2. Medizin","ReferringUnit",,,0,0,
753,"3. Medizin","ReferringUnit",,,0,0,
754,"Zentrale Notaufnahme","ReferringUnit",,,0,0,
755,"Urologie","ReferringUnit",,,0,0,
756,"1. Medizin","ReferringUnit",,,0,0,
757,"Dermatologie","ReferringUnit",,,0,0,
758,"Gynäkologie","ReferringUnit",,,0,0,
759,"Pneumologie","ReferringUnit",,,0,0,
760,"Externes Krankenhaus","ReferringUnit",,,0,0,
761,"Zentralambulanz (ZANE) CDK","ReferringUnit",,,0,0,
762,"Externe Intensivstation","ReferringUnit",,,0,0,
763,"Intensivstation 2. Medizin","ReferringUnit",,,0,0,
764,"Neurochirurgie","ReferringUnit",,,0,0,
765,"Psychiatrie","ReferringUnit",,,0,0,
766,"Angiologie","ReferringUnit",,,0,0,
767,"Augenheilkunde","ReferringUnit",,,0,0,
768,"Kinderchirurgie","ReferringUnit",,,0,0,
769,"Pädiatrie","ReferringUnit",,,0,0,
770,"NoAdmissionForm","ExcludedReason",,,0,0,
771,"Endokrinologie","ReferringUnit",,,0,0,
772,"NorepinephrinPerHour","DrugDosagePerHour",,,0,0,
773,"NorepinephrinPerHourWeight","DrugDosagePerHour",,,0,0,
1395,"Lisinopril","Drug",,"g",0,,
1396,"Amlodipin","Drug",,"g",0,,
1397,"PredniSOLON","Drug",,"g",0,,
1398,"Xipamid","Drug",,"g",0,,
1399,"Captopril","Drug",,"g",0,,
1400,"CloNIDin","Drug",,"g",0,,
1401,"Metronidazol","Drug",,"g",0,,
1402,"Citalopram","Drug",,"g",0,,
1403,"Bisoprolol","Drug",,"g",0,,
1404,"Rosuvastatin","Drug",,"g",0,,
1405,"Digitoxin","Drug",,"g",0,,
1406,"Amoxicillin/Clavulans","Drug",,"g",0,,
1407,"Carvedilol","Drug",,"g",0,,
1408,"Moxifloxacin","Drug",,"g",0,,
1409,"Valsartan+HCT","Drug",,"g",0,,
1410,"Aztreonam","Drug",,"g",0,,
1411,"Doxazosin","Drug",,"g",0,,
1412,"LEVOthyroxin","Drug",,"g",0,,
1413,"Triazolam","Drug",,"g",0,,
1414,"Azathioprin","Drug",,"g",0,,
1415,"Propranolol","Drug",,"g",0,,
1416,"LevETIRAcetam","Drug",,"g",0,,
1417,"FUROsemid","Drug",,"g",0,,
1418,"Cefazolin","Drug",,"g",0,,
1419,"Levodopa +Benserazid","Drug",,"g",0,,
1420,"Paracetamol","Drug",,"g",0,,
1421,"Cefepim","Drug",,"g",0,,
1422,"Ciprofloxacin","Drug",,"g",0,,
1423,"Cefotaxim","Drug",,"g",0,,
1424,"Mirtazepin","Drug",,"g",0,,
1425,"Gabapentin","Drug",,"g",0,,
1426,"Esomeprazol","Drug",,"g",0,,
1427,"Pantoprazol","Drug",,"g",0,,
1428,"Clindamycin","Drug",,"g",0,,
1429,"Clopidogrel","Drug",,"g",0,,
1430,"Oxazepam","Drug",,"g",0,,
1431,"Erythromycin","Drug",,"g",0,,
1432,"Risperidon","Drug",,"g",0,,
1433,"Trimethoprim/Sulfametoxazol","Drug",,"g",0,,
1434,"Ciclosporin","Drug",,"g",0,,
1435,"Amitriptylin","Drug",,"g",0,,
1436,"Flucloxacillin","Drug",,"g",0,,
1437,"AMIOdaron","Drug",,"g",0,,
1438,"Metoprolol","Drug",,"g",0,,
1439,"Ceftazidim","Drug",,"g",0,,
1440,"Quetiapin","Drug",,"g",0,,
1441,"Fusidins","Drug",,"g",0,,
1442,"Simvastatin","Drug",,"g",0,,
1443,"Spironolacton","Drug",,"g",0,,
1444,"Carbamazepin","Drug",,"g",0,,
1445,"LORazepam","Drug",,"g",0,,
1446,"Imipenem/Cilastin","Drug",,"g",0,,
1447,"Thiamazol","Drug",,"g",0,,
1448,"Acetylsalicyls","Drug",,"g",0,,
1449,"Clarithromycin","Drug",,"g",0,,
1450,"Torasemid","Drug",,"g",0,,
1451,"Meropenem","Drug",,"g",0,,
1452,"Triamteren","Drug",,"g",0,,
1453,"Allopurinol","Drug",,"g",0,,
1454,"Penicillin G","Drug",,,0,,
1455,"Rifampicin","Drug",,"g",0,,
1456,"Ceftriaxon","Drug",,"g",0,,
1457,"Ampicillin","Drug",,"g",0,,
1458,"Levofloxacin","Drug",,"g",0,,
1459,"Piperacillin/Tazobactam","Drug",,"g",0,,
1460,"Ampicillin/Sulbactam","Drug",,"g",0,,
1461,"Vancomycin","Drug",,"g",0,,
1462,"Linezolid","Drug",,"g",0,,
1463,"Liposomales Amphotericin B","Drug",,"g",0,,
1464,"Caspofungin","Drug",,"g",0,,
1465,"Fluconazol","Drug",,"g",0,,
1466,"Anidulafungin","Drug",,"g",0,,
1467,"Acyclovir","Drug",,"g",0,,
1468,"ADENOsin","Drug",,"g",0,,
1469,"Alteplase","Drug",,"g",0,,
1470,"Biperidin","Drug",,"g",0,,
1471,"Kaliumcanrenoat","Drug",,"g",0,,
1472,"Flumazenil","Drug",,"g",0,,
1473,"Acetylsalicylat","Drug",,"g",0,,
1474,"Atropin sulfuricum","Drug",,"g",0,,
1475,"Natriumvalproat","Drug",,"g",0,,
1476,"Calciumglukonat 10%","Drug",,"mol",0,,
1477,"Tranexams","Drug",,"g",0,,
1478,"Phenytoin","Drug",,"g",0,,
1479,"ROCuronium","Drug",,"g",0,,
1480,"FentaNYL","Drug",,"g",0,,
1481,"Natriumpicosulfat","Drug",,"drops",0,,
1482,"N-Acetylcystein","Drug",,"g",0,,
1483,"Terlipressin","Drug",,"g",0,,
1484,"ZzNatrium- und Megluminanmidotrizoat","Drug",,,0,,
1485,"Fibrinogen","Drug",,"g",0,,
1486,"Paromomycin","Drug",,"g",0,,
1487,"ZzLactulose","Drug",,,0,,
1488,"ZzMagnesiumsulfat","Drug",,,0,,
1489,"ZzNystatin","Drug",,,0,,
1490,"Levomepromazin","Drug",,"drops",0,,
1491,"Dihydrocodein","Drug",,"drops",0,,
1492,"Natrium perchlorat","Drug",,"drops",0,,
1493,"Etomidate","Drug",,"g",0,,
1494,"Urapidil","Drug",,"g",0,,
1495,"Midazolam","Drug",,"g",0,,
1496,"DesmoPRESSINazetat","Drug",,"g",0,,
1497,"Naloxon","Drug",,"g",0,,
1498,"Metoclopramid","Drug",,"g",0,,
1499,"Propofol 1%","Drug",,"g",0,,
1500,"Gerinnungsfaktoren II, VI, IX, X","Drug",,"IE",0,,
1501,"ClonazePAM","Drug",,"g",0,,
1502,"EPINEPHrin","Drug",,"g",0,,
1503,"Theophyllin","Drug",,"g",0,,
1504,"Atracurium","Drug",,"g",0,,
1505,"Labetalol","Drug",,"g",0,,
1506,"MethylPREDNIsolon","Drug",,"g",0,,
1507,"Droperidol","Drug",,"g",0,,
1508,"ONDANsetron","Drug",,"g",0,,
1509,"Terbutalin","Drug",,"g",0,,
1510,"ZzVitamine","Drug",,"g",0,,
1511,"Glutamin","Drug",,"g",0,,
1512,"Fols","Drug",,"g",0,,
1513,"Glucose-1-Phosphat","Drug",,"mol",0,,
1514,"Ornithinaspartat","Drug",,"g",0,,
1515,"Phytmenadion","Drug",,"g",0,,
1516,"Fisch","Drug",,"g",0,,
1517,"Selen","Drug",,,0,,
1518,"Cyanocobolamin","Drug",,"g",0,,
1519,"Isoprenalin","Drug",,"g",0,,
1520,"Morphin","Drug",,"g",0,,
1521,"PIRItramid","Drug",,"g",0,,
1522,"Hyoscin-N-Butylbromid","Drug",,"g",0,,
1523,"Magnesiumgluconicum","Drug",,"g",0,,
1524,"DEXAmethason","Drug",,"g",0,,
1525,"Hydrocortison","Drug",,"g",0,,
1526,"Neostigmin","Drug",,"g",0,,
1527,"Haloperidol","Drug",,"drops",0,,
1528,"Amantadinsulfat","Drug",,"g",0,,
1529,"PHYSostigmin","Drug",,"g",0,,
1530,"Protaminsulfat","Drug",,"g",0,,
1531,"Caroverin","Drug",,"g",0,,
1532,"CLEMAstin","Drug",,"g",0,,
1533,"Thiamin","Drug",,"g",0,,
1534,"Dalteparin","Drug",,"IE",0,,
1535,"Glycopyrronium","Drug",,"g",0,,
1536,"Enoxaparin prophylakt.","Drug",,"g",0,,
1537,"Methylnaltrexon","Drug",,"g",0,,
1538,"Simeticon","Drug",,"drops",0,,
1539,"Nicotin","Drug",,"g",0,,
1540,"Retinol","Drug",,,0,,
1541,"Cetrimid und Carbopol","Drug",,,0,,
1542,"NaCl 0,9% Augentropfen","Drug",,,0,,
1543,"Gentamycinsulfat","Drug",,"drops",0,,
1544,"Econazol","Drug",,,0,,
1545,"Trometamol","Drug",,"mol",0,,
1546,"Remifentanil","Drug",,"g",0,,
1547,"SUFentanil","Drug",,"g",0,,
1548,"Levosimendan","Drug",,"g",0,,
1549,"Propofol 2%","Drug",,"g",0,,
1550,"Vasopressin","Drug",,"IE",0,,
1551,"Glyceroltrinitrat","Drug",,"g",0,,
1552,"ROPIvacain","Drug",,"g",0,,
1553,"ocTREOtid","Drug",,"g",0,,
1554,"Natriumnitroprussid","Drug",,"g",0,,
1555,"ZzNatriumchlorid 0,9%","Drug",,,0,,
1556,"KETAmin","Drug",,"g",0,,
1557,"Insulin","Drug",,"IE",0,,
1558,"Heparin","Drug",,"IE",0,,
1559,"DOBUtamin","Drug",,"g",0,,
1560,"Milrinon","Drug",,"g",0,,
1561,"Esmolol","Drug",,"g",0,,
1562,"Norepinephrin","Drug",,"g",0,,
1563,"Argatroban","Drug",,"g",0,,
1564,"Natriumpolystyrensulfonat","Drug",,"g",0,,
1565,"ZzNatriumpicosulfat","Drug",,,0,,
1566,"Ipratroprium und Fenoterol","Drug",,,0,,
1567,"ZzIpratroprium und Salbutamol","Drug",,,0,,
1568,"Ipratropriumbromid","Drug",,,0,,
1569,"ZzIpratropriumbromid","Drug",,,0,,
1570,"Salbutamol","Drug",,,0,,
1571,"Budesonid und Formeterol","Drug",,,0,,
1572,"Retinol und Dexpantenol","Drug",,,0,,
1573,"Thiopentalnatrium","Drug",,"g",0,,
1574,"NiMODipin","Drug",,"g",0,,
1575,"Diclofenac","Drug",,"g",0,,
1576,"ZzIsofluran","Drug",,,0,,
1577,"Cefuroxim","Drug",,"g",0,,
1578,"S-Ketamin","Drug",,"g",0,,
1579,"Voriconazol","Drug",,"g",0,,
1580,"Agomelatin","Drug",,"g",0,,
1581,"Nicht gelisteter Perfusor","Drug",,"g",0,,
1582,"Valproins","Drug",,"g",0,,
1583,"Nicht gelistete Kurzinfusion","Drug",,"g",0,,
1584,"Nicht gelisteter Mischbeutelzusatz","Drug",,"g",0,,
1585,"Nicht gelistetes anderes Medikament","Drug",,"g",0,,
1586,"Nicht gelistetes Antiinfektivum","Drug",,"g",0,,
1587,"Nicht gelistetes Bolusmedikament","Drug",,"g",0,,
1588,"Nicht gelistetes Gerinnungsmedikament","Drug",,"g",0,,
1589,"Nicht gelistetes orales Medikament","Drug",,"bag",0,,
1590,"Nicht gelistetes sc Medikament mg","Drug",,"g",0,,
1591,"Nicht gelistetes sc Medikament IU","Drug",,"IE",0,,
1592,"Nicht gelistete Inhalation","Drug",,"unit",0,,
1593,"Phenylephrin","Drug",,"g",0,,
1594,"Alfentanil","Drug",,"g",0,,
1595,"Sugammadex","Drug",,"g",0,,
1596,"Methohexital","Drug",,"g",0,,
1597,"Succinylcholin","Drug",,"g",0,,
1598,"Cisatracurium","Drug",,"g",0,,
1599,"Ranitidin","Drug",,"g",0,,
1600,"Cafedrin-Theodrenalin","Drug",,"g",0,,
1601,"Ephedrin","Drug",,"g",0,,
1602,"Etilefrin","Drug",,"g",0,,
1603,"Amikacin","Drug",,"g",0,,
1604,"Ganciclovir","Drug",,"g",0,,
1605,"Gentamycin","Drug",,"g",0,,
1606,"Teicoplanin","Drug",,"g",0,,
1607,"Erythropoetin","Drug",,"IE",0,,
1608,"HuG-CSF","Drug",,"g",0,,
1609,"Faktor VIIa","Drug",,"g",0,,
1610,"Metamizol","Drug",,"g",0,,
1611,"Anexate","Drug",,,0,,
1612,"Nalbuphin","Drug",,"g",0,,
1613,"Diphenhydramin","Drug",,"g",0,,
1614,"ZzGlyceroltrinitrat","Drug",,,0,,
1615,"DihydrALAZIN","Drug",,"g",0,,
1616,"Lidocain 2%","Drug",,"g",0,,
1617,"Mivacurim","Drug",,"g",0,,
1618,"DOPamin","Drug",,"g",0,,
1619,"Acetazolamid","Drug",,"g",0,,
1620,"Tirofiban","Drug",,,0,,
1621,"Natriumchlorid10%","Drug",,,0,,
1622,"Natriumchlorid 5%","Drug",,"g",0,,
1623,"ZzzVitamine","Drug",,,0,,
1624,"ZzMagnesium","Drug",,,0,,
1625,"ZzCalciumchlorid","Drug",,,0,,
1626,"ZzCa-Gluconicum","Drug",,,0,,
1627,"Nicht gelistete Tropfen","Drug",,"drops",0,,
1628,"Fosfomycin","Drug",,"g",0,,
1629,"Nicht gelistetes Gerinnungsmedikament IU","Drug",,"IE",0,,
1630,"Kalium","Drug",,"bag",0,,
1631,"Iloprost","Drug",,"g",0,,
1632,"Salmeterol/Fluticason","Drug",,,0,,
1633,"Tiotropium","Drug",,"g",0,,
1634,"traMADol","Drug",,"g",0,,
1635,"Nicht gelistete Salbe/Creme","Drug",,"cm",0,,
1636,"Mycostatin Zinkoxid Paste","Drug",,,0,,
1637,"Aktivkohle","Drug",,"g",0,,
1638,"Distigmin","Drug",,"g",0,,
1639,"Oxycodon ret","Drug",,"g",0,,
1640,"Oxycodon","Drug",,"g",0,,
1641,"Aripiprazol","Drug",,"g",0,,
1642,"Lisinopril HCT","Drug",,"g",0,,
1643,"Desloratadin","Drug",,"g",0,,
1644,"Mycophenolat mofetil","Drug",,"g",0,,
1645,"Escitalopram","Drug",,"g",0,,
1646,"Bisoprolol+HCT","Drug",,"g",0,,
1647,"Losartan","Drug",,"g",0,,
1648,"Duloxetin","Drug",,"g",0,,
1649,"Enalapril","Drug",,"g",0,,
1650,"Enalapril+HCT","Drug",,"g",0,,
1651,"Glimepirid","Drug",,"g",0,,
1652,"HYDROmorphon retard","Drug",,"g",0,,
1653,"Isosorbid dinitrat","Drug",,"g",0,,
1654,"Furosemid+Spironolacton","Drug",,"g",0,,
1655,"Baclofen","Drug",,"g",0,,
1656,"Pregabalin","Drug",,"g",0,,
1657,"Phenprocoumon","Drug",,"g",0,,
1658,"Macrogol","Drug",,"bag",0,,
1659,"Moxonidin","Drug",,"g",0,,
1660,"Primidon","Drug",,"g",0,,
1661,"Nebivolol","Drug",,"g",0,,
1662,"Alprostadil","Drug",,"g",0,,
1663,"Ramipril","Drug",,"g",0,,
1664,"Pramipexol","Drug",,"g",0,,
1665,"Tizanidin","Drug",,"g",0,,
1666,"Atorvastatin","Drug",,"g",0,,
1667,"Trazodon ret","Drug",,"g",0,,
1668,"Valganciclovir","Drug",,"g",0,,
1669,"Valaciclovir","Drug",,"g",0,,
1670,"Pentoxifyllin","Drug",,"g",0,,
1671,"HYDROmorphon","Drug",,"g",0,,
1672,"Prothipendyl HCl","Drug",,,0,,
1673,"Vitamin C","Drug",,"g",0,,
1674,"Pankreatin","Drug",,"g",0,,
1675,"ZzRamipril/HCT","Drug",,"g",0,,
1676,"ZzRamipril HCT","Drug",,"g",0,,
1677,"ZzRamipril HCT forte","Drug",,"g",0,,
1678,"Eisen II","Drug",,"g",0,,
1679,"Natriumchlorid Pulverkps","Drug",,"g",0,,
1680,"Telmisartan","Drug",,"g",0,,
1681,"Metformin","Drug",,"g",0,,
1682,"Eisen III","Drug",,,0,,
1683,"Eprosartan","Drug",,"g",0,,
1684,"Eprosartan+HCT","Drug",,"g",0,,
1685,"NIFEdipin","Drug",,"g",0,,
1686,"HCT + Amilorid","Drug",,,0,,
1687,"Tamsulosin","Drug",,"g",0,,
1688,"Tolterodin-L-tartrat","Drug",,"g",0,,
1689,"Dutasterid","Drug",,"g",0,,
1690,"Bisacodyl","Drug",,"g",0,,
1691,"Lactobacillus gasseri","Drug",,"g",0,,
1692,"Danaparoid","Drug",,"IE",0,,
1693,"Tigecyclin","Drug",,"g",0,,
1694,"Sucralfat","Drug",,"g",0,,
1695,"Nicorandil","Drug",,"g",0,,
1696,"Diazepam","Drug",,"drops",0,,
1697,"Prothipendyl","Drug",,"g",0,,
1698,"Doripenem","Drug",,,0,,
1699,"Venlafaxin","Drug",,"g",0,,
1700,"Rivastigmin","Drug",,"g",0,,
1701,"Fluoxetin","Drug",,"g",0,,
1702,"Fluvastatin","Drug",,"g",0,,
1703,"Hydroxychloroquin","Drug",,"g",0,,
1704,"Eplerenon","Drug",,"g",0,,
1705,"Rilmenidin","Drug",,"g",0,,
1706,"Metildigoxin","Drug",,"g",0,,
1707,"Fenofibrat","Drug",,"g",0,,
1708,"Minoxidil","Drug",,"g",0,,
1709,"Melatonin","Drug",,"g",0,,
1710,"Olmesartan","Drug",,"g",0,,
1711,"Acetylcystein","Drug",,"bag",0,,
1712,"Nitroglycerin","Drug",,"g",0,,
1713,"Mycophenolat","Drug",,"g",0,,
1714,"Cyclosporin A","Drug",,"g",0,,
1715,"NaCl 0,45%","Drug",,,0,,
1716,"Posaconazol","Drug",,"g",0,,
1717,"Filgrastim","Drug",,,0,,
1718,"Ropinirol","Drug",,"g",0,,
1719,"Scopolamin","Drug",,"g",0,,
1720,"Tantum verde","Drug",,,0,,
1721,"Topiramat","Drug",,"g",0,,
1722,"Chlorprothixen","Drug",,"g",0,,
1723,"Zolpidem","Drug",,"g",0,,
1724,"Ramipril/HCT","Drug",,,0,,
1725,"Glyzeroltrinitrat","Drug",,,0,,
1726,"Passionsblumenkraut","Drug",,"drops",0,,
1727,"Budesonid","Drug",,"g",0,,
1728,"Levodopa/Carbidopa/Entacapon","Drug",,"g",0,,
1729,"Tantum verde Lutschtabletten","Drug",,,0,,
1730,"Sertralin","Drug",,"g",0,,
1731,"Salmeterol","Drug",,,0,,
1732,"Mefenamins","Drug",,"g",0,,
1733,"Ibuprofen","Drug",,"g",0,,
1734,"BUPivacain 0.5%","Drug",,"g",0,,
1735,"BUPivacain 0.5% hyperbar","Drug",,"g",0,,
1736,"Mepivacain 1%","Drug",,"g",0,,
1737,"Mepivacain 4%","Drug",,,0,,
1738,"Lidocain 2% /Epinephrin","Drug",,"g",0,,
1739,"Lidocain 1%","Drug",,"g",0,,
1740,"Prilocain 1%","Drug",,"g",0,,
1741,"ROPIvacain 0.5%","Drug",,"g",0,,
1742,"ROPIvacain 0.375%","Drug",,"g",0,,
1743,"ROPIvacain 1%","Drug",,"g",0,,
1744,"ROPIvacain 0.75%","Drug",,"g",0,,
1745,"ROPIvacain 0.2%","Drug",,"g",0,,
1746,"Mepivacain 2%","Drug",,"g",0,,
1747,"Dexmedetomidin","Drug",,"g",0,,
1748,"Panthenol","Drug",,"g",0,,
1749,"Fondaparinux","Drug",,"g",0,,
1750,"Rivaroxaban","Drug",,"g",0,,
1751,"Fludrocortison","Drug",,"g",0,,
1752,"ROPIvacain 0.1%","Drug",,"g",0,,
1753,"Meloxicam","Drug",,"g",0,,
1754,"Thiaminhydrochlorid","Drug",,"g",0,,
1755,"Verapamil","Drug",,"g",0,,
1756,"AJMALin","Drug",,"g",0,,
1757,"Kybernin P","Drug",,"IE",0,,
1758,"Bivalirudin","Drug",,"g",0,,
1759,"Gliclazid","Drug",,"g",0,,
1760,"Natriumglyzerophosphat","Drug",,"mol",0,,
1761,"Magnesium","Drug",,"bag",0,,
1762,"Beclometason und Formeterol","Drug",,,0,,
1763,"Lacosamid","Drug",,"g",0,,
1764,"Pitressin","Drug",,,0,,
1765,"Everolimus","Drug",,"g",0,,
1766,"Olanzapin","Drug",,"g",0,,
1767,"Alprazolam","Drug",,"g",0,,
1768,"Latanoprost","Drug",,"drops",0,,
1769,"Cetylpyridinium","Drug",,,0,,
1770,"Flupentixol+Melitracen","Drug",,"g",0,,
1771,"Brotizolam","Drug",,"g",0,,
1772,"Antithrombin III","Drug",,"IE",0,,
1773,"Valsartan+Amlodipin","Drug",,"g",0,,
1774,"Natriumhydrogencarbonat","Drug",,"g",0,,
1775,"Tamsulosin retard","Drug",,"g",0,,
1776,"Pethidin","Drug",,"g",0,,
1777,"Ciclesonid","Drug",,"g",0,,
1778,"Olmesartan+Amlodipin","Drug",,"g",0,,
1779,"Amilorid+HCT","Drug",,"g",0,,
1780,"Terbinafin","Drug",,"g",0,,
1781,"Amphotericin B","Drug",,"ml",0,,
1782,"Clomipramin","Drug",,"g",0,,
1783,"Lactobacillus casei","Drug",,"bag",0,,
1784,"Irbesartan+HCT","Drug",,"g",0,,
1785,"Leflunomid","Drug",,"g",0,,
1786,"Donepezil","Drug",,"g",0,,
1787,"Anastrozol","Drug",,"g",0,,
1788,"Exemestan","Drug",,"g",0,,
1789,"Candesartan","Drug",,"g",0,,
1790,"Hydroxyzin","Drug",,"g",0,,
1791,"Atenolol","Drug",,"g",0,,
1792,"Moclobemid","Drug",,"g",0,,
1793,"Rasagilin","Drug",,"g",0,,
1794,"Brinzolamid","Drug",,"drops",0,,
1795,"Sulfametoxazol+Trimethoprim","Drug",,"g",0,,
1796,"Bezafibrat","Drug",,"g",0,,
1797,"Nitrendipin","Drug",,"g",0,,
1798,"Bicalutamid","Drug",,"g",0,,
1799,"Enterococcus SF 68","Drug",,,0,,
1800,"Ticagrelor","Drug",,"g",0,,
1801,"Melperon hydrochlorid","Drug",,"g",0,,
1802,"Calcium/Vit D","Drug",,"g",0,,
1803,"Cefpirom sulfat","Drug",,,0,,
1804,"Celecoxib","Drug",,"g",0,,
1805,"Nitrendipin +Enalapril","Drug",,"g",0,,
1806,"Ginkgoblatt Trockenextrakt","Drug",,"g",0,,
1807,"Zuclopenthixol decanoat","Drug",,"g",0,,
1808,"Enalapril maleat+HCT","Drug",,"g",0,,
1809,"Rifaximin","Drug",,"g",0,,
1810,"Lamivudin+Zidovudin","Drug",,,0,,
1811,"Hydrochlorothiazid","Drug",,"g",0,,
1812,"Enalapril maleat","Drug",,"g",0,,
1813,"Daptomycin","Drug",,"g",0,,
1814,"Flavonoidfraktion","Drug",,"g",0,,
1815,"Miconazol","Drug",,"g",0,,
1816,"Tiaprid","Drug",,"g",0,,
1817,"Diltiazem","Drug",,"g",0,,
1818,"Cabergolin","Drug",,"g",0,,
1819,"Doxycyclin monohydrat","Drug",,"g",0,,
1820,"Prasugrel","Drug",,"g",0,,
1821,"Aprepitant","Drug",,"g",0,,
1822,"Cyclophosphamid","Drug",,"g",0,,
1823,"Pirfenidon","Drug",,"g",0,,
1824,"Metformin +Vildagliptin","Drug",,"g",0,,
1825,"Amlodipin besilat+Valsartan+HCT","Drug",,"g",0,,
1826,"Ezetimib","Drug",,"g",0,,
1827,"Rasburicase","Drug",,"g",0,,
1828,"Chlorhexamed","Drug",,,0,,
1829,"Estradiol+Dydrogesteron","Drug",,,0,,
1830,"Gerinnungsfaktor XIII","Drug",,"IE",0,,
1831,"Fluticason","Drug",,"g",0,,
1832,"Indapamid","Drug",,"g",0,,
1833,"Formoterol-fumarat-dihydrat","Drug",,"g",0,,
1834,"Fosinopril Natrium","Drug",,"g",0,,
1835,"Glucagon hydrochlorid","Drug",,"g",0,,
1836,"Gliquidon","Drug",,"g",0,,
1837,"Cetylpyridinium chlorid 1-Wasser","Drug",,"g",0,,
1838,"Ezetimib+Simvastatin","Drug",,"g",0,,
1839,"Isoniazid","Drug",,"g",0,,
1840,"Cilazapril","Drug",,"g",0,,
1841,"Trospium chlorid","Drug",,"g",0,,
1842,"Rilmenidin dihydrogenphosphat","Drug",,"g",0,,
1843,"Milnacipran hydrochlorid","Drug",,"g",0,,
1844,"Metformin+Sitagliptin","Drug",,"g",0,,
1845,"Sitagliptin phosphat 1 H2O","Drug",,"g",0,,
1846,"Kalium jodid+Levothyroxin natrium","Drug",,"g",0,,
1847,"Lamotrigin","Drug",,"g",0,,
1848,"Insulin glargin","Drug",,"IE",0,,
1849,"Extractum fructus silybi mariani siccum","Drug",,"g",0,,
1850,"ZzzBromazepam","Drug",,,0,,
1851,"Lidocain hydrochlorid","Drug",,,0,,
1852,"Hydroxycarbamid","Drug",,"g",0,,
1853,"Pyridostigmin bromid","Drug",,"g",0,,
1854,"Tenecteplase","Drug",,"IE",0,,
1855,"Methadon","Drug",,"g",0,,
1856,"Micafungin","Drug",,"g",0,,
1857,"Cinacalcet hydrochlorid","Drug",,"g",0,,
1858,"Macrogol 3350","Drug",,"g",0,,
1859,"Domperidon","Drug",,"g",0,,
1860,"Dronedaron hydrochlorid","Drug",,"g",0,,
1861,"Nicotinamid+Thiamin+Riboflavin","Drug",,"g",0,,
1862,"Tetrazepam","Drug",,"g",0,,
1863,"Natriumthiosulfat","Drug",,,0,,
1864,"Sulproston","Drug",,"g",0,,
1865,"Diclofenac+Orphenadrincitrat","Drug",,"g",0,,
1866,"Acitretin","Drug",,,0,,
1867,"Natrium hydrogencarbonat","Drug",,"g",0,,
1868,"Pegfilgrastim","Drug",,"g",0,,
1869,"Rotigotin","Drug",,"g",0,,
1870,"Thiamin+Pyridoxin+Cyanocobalamin","Drug",,"g",0,,
1871,"Cisatracurium besilat","Drug",,,0,,
1872,"Piracetam","Drug",,"g",0,,
1873,"Pravastatin","Drug",,"g",0,,
1874,"Darunavir","Drug",,,0,,
1875,"Ivabradin","Drug",,"g",0,,
1876,"Tacrolimus","Drug",,"g",0,,
1877,"Promethazin","Drug",,"g",0,,
1878,"Propafenon","Drug",,"g",0,,
1879,"Lithium carbonat","Drug",,"g",0,,
1880,"Galantamin","Drug",,"g",0,,
1881,"Sevelamer","Drug",,"g",0,,
1882,"Etacrynsaeure","Drug",,"g",0,,
1883,"Abciximab","Drug",,"g",0,,
1884,"Chloroquin","Drug",,"g",0,,
1885,"Levodopa+Benserazid","Drug",,"g",0,,
1886,"Sildenafil","Drug",,"g",0,,
1887,"Naltrexon","Drug",,"g",0,,
1888,"Lenalidomid","Drug",,"g",0,,
1889,"Bisoprolol-hemi-fumarat","Drug",,"g",0,,
1890,"Mesalazin","Drug",,"g",0,,
1891,"Paroxetinhydrochlorid-Hemihydrat","Drug",,"g",0,,
1892,"Acenocoumarol","Drug",,"g",0,,
1893,"Flunitrazepam","Drug",,"g",0,,
1894,"Sotalol","Drug",,"g",0,,
1895,"Efavirenz","Drug",,"g",0,,
1896,"Morphinsulfat","Drug",,"g",0,,
1897,"Buprenorphin","Drug",,"g",0,,
1898,"Tetracosactid","Drug",,"g",0,,
1899,"Benzydamin","Drug",,"g",0,,
1900,"Thalidomide Celgene","Drug",,,0,,
1901,"Thiethylperazin","Drug",,,0,,
1902,"Bosentan-1-Wasser","Drug",,"g",0,,
1903,"Linagliptin","Drug",,"g",0,,
1904,"Oxcarbazepin","Drug",,"g",0,,
1905,"Hydrochlorothiazid+Ramipril","Drug",,"g",0,,
1906,"Tenofovir disoproxil+Emtricitabin","Drug",,"g",0,,
1907,"Mesna","Drug",,"g",0,,
1908,"Eisen Saccharose","Drug",,"g",0,,
1909,"Ambrisentan","Drug",,"g",0,,
1910,"Bupropion","Drug",,"g",0,,
1911,"Lercanidipin","Drug",,"g",0,,
1912,"Ziprasidon","Drug",,"g",0,,
1913,"Azithromycin","Drug",,"g",0,,
1914,"Zolpidem tartrat 2","Drug",,"g",0,,
1915,"Bisoprolol fumarat","Drug",,"g",0,,
1916,"Roflumilast","Drug",,"g",0,,
1917,"Imatinib mesilat","Drug",,"g",0,,
1918,"Methylenblau","Drug",,"g",0,,
1919,"Chlorhexidin","Drug",,"ml",0,,
1920,"Losartan+HCT","Drug",,"g",0,,
1921,"Oseltamivir","Drug",,"g",0,,
1922,"Bromazepam","Drug",,"g",0,,
1923,"Enoxaparin therapeut.","Drug",,"g",0,,
1924,"ZzColistin","Drug",,"IE",0,,
1925,"Colistimethat","Drug",,"IE",0,,
1926,"Kaliumchlorid","Drug",,"mol",0,,
1927,"Ofloxacin","Drug",,"drops",0,,
1928,"Dehydroepiandrosteron","Drug",,"g",0,,
1929,"Dantrolen","Drug",,"g",0,,
1930,"Urokinase","Drug",,"IE",0,,
1931,"Tetanus Toxoid","Drug",,"IE",0,,
1932,"Tetanus Antitoxin","Drug",,"IE",0,,
1933,"Alpha-Liponsaeure","Drug",,,0,,
1934,"Mepivacain 1,5%","Drug",,"g",0,,
1935,"Aminosteril Hepa 8%","Drug",,,0,,
1936,"Calcium gluc.","Drug",,"ml",0,,
1937,"Valsartan","Drug",,"g",0,,
1938,"Oxytocin","Drug",,"IE",0,,
1939,"Carbetocin","Drug",,"g",0,,
1940,"Methylergometrin","Drug",,"g",0,,
1941,"Vitamin D3","Drug",,"drops",0,,
1942,"Colistin","Drug",,"IE",0,,
1943,"Ursodeoxychols","Drug",,"g",0,,
1944,"Memantin","Drug",,"g",0,,
1945,"Calcitriol","Drug",,"g",0,,
1946,"Sevelamercarbonat","Drug",,"g",0,,
1947,"On","Drug",,"g",0,,
1948,"Ertapenem","Drug",,"g",0,,
1949,"Immunglobulin","Drug",,"g",0,,
1950,"Prilocain 2%","Drug",,"g",0,,
1951,"Irbesartan +HCT","Drug",,"g",0,,
1952,"Somatostatin","Drug",,"g",0,,
1953,"Candesartan +HCT","Drug",,"g",0,,
1954,"Apixaban","Drug",,"g",0,,
1955,"Dabigatran","Drug",,"g",0,,
1956,"Omnibiotic AAD","Drug",,"bag",0,,
1957,"Tiotropium Lsg 2,5","Drug",,,0,,
1958,"Metamizol gtt","Drug",,"drops",0,,
1959,"Flecainid","Drug",,"g",0,,
1960,"Clobazam","Drug",,"g",0,,
1961,"Insulin-Aspart-Protamin-Kristall 30/70","Drug",,"IE",0,,
1962,"Insulin-Aspart-Protamin-Kristall 50/50","Drug",,"IE",0,,
1963,"Insulin-Aspart-Protamin-Kristall 70/30","Drug",,"IE",0,,
1964,"Insulin-Isophan","Drug",,"IE",0,,
1965,"Liraglutid","Drug",,"g",0,,
1966,"Dapagliflozin","Drug",,"g",0,,
1967,"Dapagliflozin+Metformin hydrochlorid 5/850","Drug",,,0,,
1968,"Dapagliflozin+Metformin hydrochlorid 5/1000","Drug",,,0,,
1969,"Tiotropium+Olodaterol 2,5/2,5","Drug",,,0,,
1970,"Methotrexat","Drug",,"g",0,,
1971,"Naproxen TBL","Drug",,"g",0,,
1972,"Naproxen Saft","Drug",,"g",0,,
1973,"Finasterid","Drug",,"g",0,,
1974,"Vildagliptin","Drug",,"g",0,,
1975,"Insulin lispro","Drug",,"IE",0,,
1976,"Inotyol Salbe","Drug",,,0,,
1977,"Betamethason","Drug",,"ml",0,,
1978,"Mupirocin","Drug",,,0,,
1979,"Povidon-iodid","Drug",,,0,,
1980,"Zinkoxid-Harnstoff","Drug",,,0,,
1981,"Dimetinden maleat","Drug",,"g",0,,
1982,"Octenidin","Drug",,,0,,
1983,"Retinol palmitat","Drug",,"drops",0,,
1984,"Dexpanthenol","Drug",,"drops",0,,
1985,"Excipial U Hydrolotio","Drug",,,0,,
1986,"Excicial Hydrocreme","Drug",,,0,,
1987,"Schmerz","Drug",,,0,,
1988,"H","Drug",,,0,,
1989,"Metformin hydrochlorid","Drug",,"g",0,,
1990,"Perampanel","Drug",,"g",0,,
1991,"Oxymetazolin hydrochlorid","Drug",,"drops",0,,
1992,"Ethambutol","Drug",,,0,,
1993,"Pyrazinamid","Drug",,"g",0,,
1994,"Natriumchlorid Sachet","Drug",,"g",0,,
1995,"Braunol 7,5% 1","Drug",,,0,,
1996,"Desitin Salbe","Drug",,,0,,
1997,"Doxycyclin","Drug",,"g",0,,
1998,"L-Methionin","Drug",,,0,,
1999,"Lormetazepam","Drug",,,0,,
2000,"Eslicarbazepin","Drug",,,0,,
2001,"Methylphenidat hydrochlorid","Drug",,"g",0,,
2002,"Cannabidiol orale L","Drug",,"g",0,,
2003,"Protifar","Drug",,"g",0,,
2004,"Idarucizumab","Drug",,"g",0,,
2005,"Andexanet alfa","Drug",,,0,,
2006,"Biperidin Ret.","Drug",,"g",0,,
2007,"ROPIvacain 0.15%","Drug",,"g",0,,
2008,"Levocetirizin","Drug",,"g",0,,
2009,"Zuclopenthixol dihydrochlorid","Drug",,,0,,
2010,"Lavasurge Lsg.","Drug",,,0,,
2011,"Oculotect Fluid Au-Tr","Drug",,"drops",0,,
2012,"Brivaracetam","Drug",,,0,,
2013,"L-Carnitin","Drug",,,0,,
2014,"Coenzym Q10","Drug",,,0,,
2015,"Botox","Drug",,,0,,
2016,"Yeehaa","custom_1",,,0,,
2017,"Add a new one","custom_1",,,0,,
2018,"CentralVenousPressure","SignalFloat",,"mmHg",0,,
2019,"MV","SignalFloat",,"L",0,,
2020,"PressureSupport","SignalFloat",,,0,,
2021,"IERatio","SignalFloat",,,0,,
2022,"CRRT Withdrawal","SignalFloat",,"ml/h",0,,
2023,"ECMO PumpSpeed","SignalFloat",,"U/min",0,,
2024,"ECMO BloodFlow","SignalFloat",,"L/min",0,,
2025,"ECMO FI","SignalFloat",,"%",0,,
2026,"Survived","DischargeType",,,0,,
2028,"Deceased","DischargeType",,,0,,
2032,"NaCl 0,9% Infusion","Fluid",,"ml",0,,
2033,"Glukose 5%","Fluid",,"ml",0,,
2034,"Aqua Perfusor Lsg","Fluid",,"ml",0,,
2035,"Ringer Laktat","Fluid",,"ml",0,,
2036,"Ringer Lösung","Fluid",,"ml",0,,
2037,"Elomel isoton","Fluid",,"ml",0,,
2038,"Elomel OP","Fluid",,"ml",0,,
2039,"Gelofusin","Fluid",,"ml",0,,
2040,"Humanalbumin 20%","Fluid",,"ml",0,,
2041,"Natriumbikarbonat 1,4%","Fluid",,"ml",0,,
2042,"Natriumbikarbonat 8,4%","Fluid",,"ml",0,,
2043,"Glukose 2,5%","Fluid",,"ml",0,,
2044,"Glukose 10%","Fluid",,"ml",0,,
2045,"Glukose 33%","Fluid",,"ml",0,,
2046,"Erythrozytenkonzentrat","Fluid",,"ml",0,,
2047,"Octaplas","Fluid",,"ml",0,,
2048,"Thrombozytenkonzentrat gepoolt","Fluid",,"ml",0,,
2049,"Volulyte 6%","Fluid",,"ml",0,,
2050,"Mannitol (Mannit 10%)","Fluid",,"ml",0,,
2051,"Trinken","Fluid",,"ml",0,,
2052,"Tee/Suppe/Joghurt","Fluid",,"drops",0,,
2053,"Breiige Kost","Food",,"unit",0,,
2054,"Schonkost","Food",,"unit",0,,
2055,"Normal/Wunschkost","Food",,"unit",0,,
2056,"Wasser zur Spülung Magensonde","Fluid",,"ml",0,,
2057,"Nutriflex peri","Fluid",,"ml",0,,
2058,"Magkal low","Fluid",,"ml",0,,
2059,"Nutriflex lipid peri","Fluid",,"ml",0,,
2060,"Structokabiven","Fluid",,"ml",0,,
2061,"Structokabiven ohne Elektrolyte","Fluid",,"ml",0,,
2062,"Zentroolimel 5,7%","Fluid",,,0,,
2063,"Zentroolimel 3,3%","Fluid",,,0,,
2064,"Renilon 4.0","Fluid",,"ml",0,,
2065,"Renilon 7,5","Fluid",,"ml",0,,
2066,"Oxepa","Fluid",,,0,,
2067,"Fresubin original fibre","Food",,"ml",0,,
2068,"Fresubin HP energy","Food",,"ml",0,,
2069,"Fresubin original","Food",,"ml",0,,
2070,"Intestamin","Fluid",,"ml",0,,
2071,"Survimed OPD","Fluid",,"ml",0,,
2072,"Aqua Thiopental","Fluid",,"ml",0,,
2073,"Sojabohnenöl Propofol","Fluid",,"ml",0,,
2074,"Aqua Kurzinfusion Lsg","Fluid",,"ml",0,,
2075,"Aqua Medikament Lsg","Fluid",,"ml",0,,
2076,"Aqua Infusion Lsg","Fluid",,,0,,
2077,"Glukose 5% Perf","Fluid",,"ml",0,,
2078,"Glukose 5% Kurzinfusion","Fluid",,"ml",0,,
2079,"NaCl 0,9% Medikament","Fluid",,"ml",0,,
2080,"NaCl 0,9% Perfusor","Fluid",,"ml",0,,
2081,"NaCl 0,9% Kurzinfusion","Fluid",,"ml",0,,
2082,"Glukose 5% Medikament","Fluid",,"ml",0,,
2083,"2.Spurenelemente (Tracutil)","Fluid",,"ml",0,,
2084,"Kaliumphosphat (Kaliumphosphat) Perfusor","Fluid",,"ml",0,,
2085,"Kaliumchlorid (Kaliumchlorid) Perfusor","Fluid",,"ml",0,,
2086,"Kaliummalat (Kaliummalat) Perfusor","Fluid",,"ml",0,,
2087,"Natriumchlorid 10%","Fluid",,"ml",0,,
2088,"Thrombozytenkonzentrat Einzelspender","Fluid",,"ml",0,,
2089,"Aqua Perfusor Lsg 1","Fluid",,"ml",0,,
2090,"HyperHAES","Fluid",,"ml",0,,
2091,"Mannit 15%","Fluid",,"ml",0,,
2092,"KADC Lösung","Fluid",,"ml",0,,
2093,"Calciumchlorid","Fluid",,"ml",0,,
2094,"Ringer Lösung Spüllösung","Fluid",,"ml",0,,
2095,"Ca-Gluconicum (Calcium-Gluconicum)","Fluid",,"ml",0,,
2096,"Vitamine (Cernevit)","Fluid",,"ml",0,,
2097,"Ipratropriumbromid (Atrovent Lsg)","Fluid",,"drops",0,,
2098,"Ipratroprium und Salbutamol (Combivent)","Fluid",,"ml",0,,
2099,"Isofluran (Anaconda)","Fluid",,"ml",0,,
2100,"Lactulose (Lactulose)","Fluid",,"ml",0,,
2101,"Magnesium (Cormagnesin)","Fluid",,"ml",0,,
2102,"Magnesiumsulfat","Fluid",,"ml",0,,
2103,"Nystatin (Mycostatin)","Fluid",,"ml",0,,
2104,"Natrium- und Megluminanmidotrizoat (Gastrografin)","Fluid",,"ml",0,,
2105,"Natriumpicosulfat (Agaffin)","Fluid",,"ml",0,,
2106,"Kalzium+Magnesium (CaMg)","Fluid",,"ml",0,,
2107,"Nicht gelistete enterale Lösung","Fluid",,"ml",0,,
2108,"Impact Nutrition","Fluid",,"ml",0,,
2109,"Nutrison Multi Fibre","Fluid",,"ml",0,,
2110,"Nutrison Standard","Fluid",,"ml",0,,
2111,"Nutrison Protein Plus Multi Fibre","Fluid",,"ml",0,,
2112,"Nutrison Protein Plus","Fluid",,"ml",0,,
2113,"Nutrison Soya","Fluid",,"ml",0,,
2114,"Nutrison Concentrated","Fluid",,"ml",0,,
2115,"Nutrison Diason","Fluid",,"ml",0,,
2116,"Nutrison Cubison","Fluid",,"ml",0,,
2117,"Nutrison Peptisorb","Fluid",,"ml",0,,
2118,"Cubitan Nutricia","Fluid",,"ml",0,,
2119,"Fortimel Nutricia","Fluid",,"ml",0,,
2120,"Isosource Mix Nutrition","Fluid",,"ml",0,,
2121,"Nutrison Soya MF","Fluid",,,0,,
2122,"Fresubin hepa","Food",,,0,,
2123,"Humanalbumin 5%","Fluid",,"ml",0,,
2124,"Nicht gelistete Parenterale Ernährung","Fluid",,"ml",0,,
2125,"Glukose 20%","Fluid",,"ml",0,,
2126,"Novasource GI CONTROL","Fluid",,"ml",0,,
2127,"NaCl 0,9% Spüllösung","Fluid",,"ml",0,,
2128,"Lavasorb 0,04 %","Fluid",,,0,,
2129,"Lysin Amidotrizoat (Peritrast)","Fluid",,"ml",0,,
2130,"Isosource MCT","Fluid",,"ml",0,,
2131,"Intralipid","Fluid",,"ml",0,,
2132,"NaCl 0,9% Infusion intraarteriell","Fluid",,"ml",0,,
2133,"Elozell ""spezial""","Fluid",,"ml",0,,
2134,"Tromcardin K120","Fluid",,"ml",0,,
2135,"Mannitol (Mannit 20%)","Fluid",,"ml",0,,
2136,"Bellovac","Fluid",,"ml",0,,
2137,"Natriumchlorid5%","Fluid",,"ml",0,,
2138,"Natriumglycerophosphat Perfusor","Fluid",,,0,,
2139,"Vitamine (Soluvit)","Fluid",,"ml",0,,
2140,"Vitamine (Vitalipid)","Fluid",,"ml",0,,
2141,"1. Vitamine (Soluvit+Vitalipid)","Fluid",,"ml",0,,
2142,"Sevofluran (Anaconda)","Drug",,"ml",0,,
2143,"Trinknahrung Fresubin Energy","Fluid",,"ml",0,,
2144,"Trinknahrung Fortimel compact","Fluid",,"ml",0,,
2145,"Citratlösung 30%","Fluid",,"ml",0,,
2146,"Rifampicin (Rifoldin)+NaCl Spüllösung","Fluid",,"ml",0,,
2147,"Glukose 33% Perf","Fluid",,"ml",0,,
2148,"Glukose 50%","Fluid",,"ml",0,,
2149,"Nestle Peptamen AF","Fluid",,"ml",0,,
2150,"Nutrison Multi Fibre Energy","Fluid",,"ml",0,,
2151,"Karotten-Reis-Schleim","Fluid",,"ml",0,,
2152,"Aminosteril Hepa 8%","Fluid",,,0,,
2153,"Amantadinsulfat (Gespag)","Fluid",,"ml",0,,
2154,"Trimix perikal","Fluid",,"ml",0,,
2155,"SMOFKabiven Zentral","Fluid",,"ml",0,,
2156,"Fortimel Compact","Fluid",,"ml",0,,
2157,"Fresubin Protein Energy","Food",,"ml",0,,
2158,"Nutrini Drink Smoothie","Fluid",,"ml",0,,
2159,"Resource 2.0+ fibre","Fluid",,"ml",0,,
2160,"Fresubin Creme","Food",,"ml",0,,
2161,"Elemental 028","Fluid",,"ml",0,,
2162,"Resource Fruit","Fluid",,"ml",0,,
2163,"Nutrison ADV Pepti","Fluid",,"ml",0,,
2164,"Normal/Wunschkost Kcal","FoodKcal",,"kcal",0,,
2165,"Schonkost Kcal","FoodKcal",,"kcal",0,,
2166,"Breiige Kost Kcal","FoodKcal",,"kcal",0,,
2167,"NaCl 0,9% Blasenspülung","Fluid",,"ml",0,,
2168,"Natriumchlorid3%","Fluid",,"ml",0,,
2169,"Humanalbumin 20% (Albunorm)","Fluid",,"ml",0,,
2170,"Humanalbumin 5% (Albunorm)","Fluid",,"ml",0,,
2171,"Mannitol (Mannit 15%)","Fluid",,"ml",0,,
2172,"E 148","Fluid",,,0,,
2173,"SMOFKabiven Zentral elektrolytfrei","Fluid",,"ml",0,,
2174,"Clinimix GE 3%","Fluid",,"ml",0,,
2175,"Periolimel 2,5%","Fluid",,"ml",0,,
2176,"Aminomix 1 Novum","Fluid",,"ml",0,,
2177,"Aminomix 2 Novum","Fluid",,"ml",0,,
2178,"2.Spurenelemente (Nutryelt)","Fluid",,"ml",0,,
2179,"Sodiumcitrat 4% Fresenius","Fluid",,"ml",0,,
2180,"Aminoven 10%","Fluid",,"ml",0,,
2181,"Trinknahrung Fresubin Protein Energy","Fluid",,"ml",0,,
2182,"Fresubin Creme 125g","Food",,"bag",0,,
2183,"Calciumchlorid 500mmol/L (C. LApo)","Fluid",,"ml",0,,
2184,"Trimix HP","Fluid",,"ml",0,,
2185,"SMOFKabiven N-Plus","Fluid",,"ml",0,,
2186,"SMOFKabiven N-Plus EF","Fluid",,"ml",0,,
2187,"2.Spurenelemente (Addaven Konz.)","Fluid",,"ml",0,,
2188,"Blasen- und Nierentee Solubitrat","Fluid",,"ml",0,,
2189,"Aminomix peripheral","Fluid",,"ml",0,,
2190,"OptiXpress","Fluid",,"ml",0,,
2191,"OptiFibre","Fluid",,"ml",0,,
2192,"KETOCAL 2,5:1 LQ MCT MF","Fluid",,,0,,
2193,"State_0","DrugGivenState",,,0,,
2194,"State_3","DrugGivenState",,,0,,
2195,"State_1","DrugGivenState",,,0,,
2196,"State_2","DrugGivenState",,,0,,
2199,"Crystalloid","FluidType",,,0,,
2200,"FluidPerHour","IntakePerHour",,,0,,
2201,"FluidPerHourWeight","IntakePerHour",,,0,,
2202,"lebend","DischargeState",,,0,,
2203,"Allgemeinchirurgie","DischargeUnit",,,0,,
2204,"Orthopädie","DischargeUnit",,,0,,
2205,"Unknown","SurgicalSite",,,0,,
2206,"Unfallchirurgie","DischargeUnit",,,0,,
2207,"Extremitäten-Chirurgie","SurgicalSite",,,0,,
2208,"Herzchirurgie","DischargeUnit",,,0,,
2209,"Kinderchirurgie","DischargeUnit",,,0,,
2210,"Kieferchirurgie","SurgicalSite",,,0,,
2211,"Abdomen: Unterer GI-Trakt","SurgicalSite",,,0,,
2212,"Unknown","DischargeState",,,0,,
2213,"Gefäßchirurgie","DischargeUnit",,,0,,
2214,"Gefäß: Aortenchirurgie (Dissektion, Atherom, Aneurysma)","SurgicalSite",,,0,,
2215,"verstorben","DischargeState",,,0,,
2216,"HNO","DischargeUnit",,,0,,
2217,"HNO","SurgicalSite",,,0,,
2218,"Unknown","DischargeUnit",,,0,,
2219,"Abdomen: Oberer GI-Trakt (inkl. Jejunum)","SurgicalSite",,,0,,
2220,"Urologie","DischargeUnit",,,0,,
2221,".","SurgicalSite",,,0,,
2222,"Pathologie","DischargeUnit",,,0,,
2223,"Geriatrie","DischargeUnit",,,0,,
2224,"Kiefer","DischargeUnit",,,0,,
2225,"Abdomen: Leber-Chriurgie","SurgicalSite",,,0,,
2226,"Thorax: Andere","SurgicalSite",,,0,,
2227,"Herz: CABG","SurgicalSite",,,0,,
2228,"2. Medizin","DischargeUnit",,,0,,
2229,"Gefäß: periphere Gefäße","SurgicalSite",,,0,,
2230,"1. Medizin","DischargeUnit",,,0,,
2231,"Trauma: SHT","SurgicalSite",,,0,,
2232,"Andere Eingriffe","SurgicalSite",,,0,,
2233,"Pneumologie","DischargeUnit",,,0,,
2234,"Gefäß: Karotischirurgie","SurgicalSite",,,0,,
2235,"Psychiatrie","DischargeUnit",,,0,,
2236,"3. Medizin","DischargeUnit",,,0,,
2237,"Herz: Klappe mit CABG","SurgicalSite",,,0,,
2238,"Externes Krankenhaus","DischargeUnit",,,0,,
2239,"Trauma: Polytrauma","SurgicalSite",,,0,,
2240,"Herz: Klappe","SurgicalSite",,,0,,
2241,"Herz: Andere","SurgicalSite",,,0,,
2242,"Abdomen: Pankreas","SurgicalSite",,,0,,
2243,"Gefäß: große Gefäße (Thorax und Bauch)","SurgicalSite",,,0,,
2244,"Dermatologie","DischargeUnit",,,0,,
2245,"Neurochirurgie: zerebrovaskulär","SurgicalSite",,,0,,
2246,"Trauma: Extremitäten","SurgicalSite",,,0,,
2247,"Augenabteilung","DischargeUnit",,,0,,
2248,"RCU","DischargeUnit",,,0,,
2249,"Neurorehabilitation","DischargeUnit",,,0,,
2250,"Neurochirurgie: Wirbelsäule","SurgicalSite",,,0,,
2251,"Gynäkologie","DischargeUnit",,,0,,
2252,"Nach Hause","DischargeUnit",,,0,,
2253,"Abdomen: Biliärtrakt","SurgicalSite",,,0,,
2254,"Trauma: Thorax","SurgicalSite",,,0,,
2255,"Neurologie","DischargeUnit",,,0,,
2256,"Palliativstation","DischargeUnit",,,0,,
2257,"Pädiatrie","DischargeUnit",,,0,,
2258,"Gefäß: Andere","SurgicalSite",,,0,,
2259,"Abdomen: endokrine Chirurgie","SurgicalSite",,,0,,
2260,"Gynäkologischer Eingriff","SurgicalSite",,,0,,
2261,"Geburtshilfe","SurgicalSite",,,0,,
2262,"Thorax: Lobektomie","SurgicalSite",,,0,,
2263,"Thorax: Pneumonektomie","SurgicalSite",,,0,,
2264,"Neurochirurgie: Andere","SurgicalSite",,,0,,
2265,"Neurochirurgie","DischargeUnit",,,0,,
2267,"Thorax: Pleura","SurgicalSite",,,0,,
2268,"Transplantation: Leber","SurgicalSite",,,0,,
2269,"Trauma: Abdomen","SurgicalSite",,,0,,
2270,"Transplantation: Herz/Lunge","SurgicalSite",,,0,,
2271,"Transplantation: Andere","SurgicalSite",,,0,,
2272,"Transplantation: Herz","SurgicalSite",,,0,,
2273,"Neurochirurgie: intrakranieller Tumor","SurgicalSite",,,0,,
2274,"RespRateEKG","SignalFloat",,"/min",0,,
2275,"PAPSystolic","SignalFloat",,"mmHg",0,,
2276,"PAPDiastolic","SignalFloat",,"mmHg",0,,
2277,"PAPMEan","SignalFloat",,"mmHg",0,,
2278,"PEEP","RespiratorSetting",,"mbar",0,,
2279,"pMean","SignalFloat",,"mbar",0,,
2280,"RespRateSpontanous","SignalFloat",,"/min",0,,
2281,"MinuteVolumeSpontanous","SignalFloat",,"ml",0,,
2282,"RespRate","RespiratorSetting",,"/min",0,,
2283,"FIO2","RespiratorSetting",,"%",0,,
2284,"PressureSupport","RespiratorSetting",,"mbar",0,,
2285,"IERatio","RespiratorSetting",,"None",0,,
2286,"IERatio","TInsp",,,0,,
2287,"RespiratoryRateEKG","SignalFloat",,,0,,
2288,"CerebralTissueOxygenNIRLeft","SignalFloat",,"%",0,,
2289,"CerebralTissueOxygenNIRRight","SignalFloat",,"%",0,,
2290,"MAC","SignalFloat",,"%",0,,
2291,"NCIN","HospitalUnit",,,0,,
2292,"NEAT","HospitalUnit",,,0,,
2293,"NEIN","HospitalUnit",,,0,,
2294,"ANM2","HospitalUnit",,,0,,
2295,"AUOP","HospitalUnit",,,0,,
2296,"Arterial","LaboratoryType",,,0,,
2297,"OutOfYearInclusionCriteria","ExcludedReason",,,0,,
2298,"OrbisMismatch","ExcludedReason",,,0,,
2299,"SAPS3Importer","Importer",,,0,,
2300,"Saps3Mismatch","ExcludedReason",,,0,,
2301,"KDIGO_0","AKI_KDIGO",,,0,,
2302,"KDIGO_1","AKI_KDIGO",,,0,,
2303,"KDIGO_2","AKI_KDIGO",,,0,,
2304,"KDIGO_3","AKI_KDIGO",,,0,,
2305,"UrinePerKg","SignalFloat",,,0,,
2306,"DobutaminPerHour","DrugDosagePerHour",,,0,,
2307,"DobutaminPerHourWeight","DrugDosagePerHour",,,0,,
2308,"HSImporter","Importer",,,0,,
2309,"ThoraxDrain1","SignalFloat",,"ml",0,,
2310,"ThoraxDrain2","SignalFloat",,"ml",0,,
2311,"ThoraxDrain3","SignalFloat",,"ml",0,,
2312,"ThoraxDrain4","SignalFloat",,"ml",0,,
2313,"ThoraxDrain5","SignalFloat",,"ml",0,,
2314,"Drain1","SignalFloat",,"ml",0,,
2315,"Drain2","SignalFloat",,"ml",0,,
2316,"Drain3","SignalFloat",,"ml",0,,
2317,"Drain4","SignalFloat",,"ml",0,,
2318,"Drain5","SignalFloat",,"ml",0,,
2319,"Drain6","SignalFloat",,"ml",0,,
2320,"Drain7","SignalFloat",,"ml",0,,
2321,"Drain8","SignalFloat",,"ml",0,,
2322,"DrainageSum","SignalFloat",,,0,,
2323,"1","NYHA",,,0,,
2324,"2","NYHA",,,0,,
2327,"4","NYHA",,,0,,
2328,"3","NYHA",,,0,,
3035,"PeakInspiratoryPressure","SignalFloat",,"mbar",0,,
3036,"O2exp","SignalFloat",,"%",0,,
3037,"BispectralIndex","SignalFloat",,"None",0,,
3038,"Desfluran (exp)","SignalFloat",,"Vol%",0,,
3039,"Desfluran (insp)","SignalFloat",,"Vol%",0,,
3040,"PressureOverPeep","RespiratorSetting",,"mbar",0,,
3041,"TrachealCannula","Airway",,,0,,
3042,"Redon","Drainage",,,0,,
3043,"ThoracicDrainage","Drainage",,,0,,
3044,"Drain","Drainage",,,0,,
3045,"ArterialLine","Line",,,0,,
3046,"CentralLine","Line",,,0,,
3047,"PeripheralLine","Line",,,0,,
3048,"PeriduralCatheter","Peridural",,,0,,
3049,"VacSystem","Vac",,,0,,
3050,"GastricTube","GastricTube",,,0,,
3051,"PEG","GastricTube",,,0,,
3052,"JejunalTube","GastricTube",,,0,,
3053,"UrinaryCatheter","UrinaryDiversion",,,0,,
3054,"Urostoma","UrinaryDiversion",,,0,,
3055,"ACT","Laboratory","Activated Clotting Time","seconds",0,,
3056,"PropofolPerHour","DrugDosagePerHour",,"g\h",0,,
3057,"PropofolPerHourWeight","DrugDosagePerHour",,"g\h\kg",0,,
3058,"RemifentanilPerHour","DrugDosagePerHour",,"g\h",0,,
3059,"RemifentanilPerHourWeight","DrugDosagePerHour",,"g\h\kg",0,,
3060,"ClonidinePerHour","DrugDosagePerHour",,"g\h",0,,
3061,"ClonidinePerHourWeight","DrugDosagePerHour",,"g\h\kg",0,,
3062,"SufentanilePerHour","DrugDosagePerHour",,"g\h",0,,
3063,"SufentanilePerHourWeight","DrugDosagePerHour",,"g\h\kg",0,,
3064,"DexmedetomidinePerHour","DrugDosagePerHour",,"g\h",0,,
3065,"DexmedetomidinePerHourWeight","DrugDosagePerHour",,"g\h\kg",0,,
3067,"ClonidinePerHourrWeight","DrugDosagePerHour",,"g\h\kg",0,,
3071,"CRRT CalciumSubstitution","SignalFloat",,"%",0,,
3076,"6 Months","EstimatedSurvivalObservationTime",,,0,,
3077,"1 Year","EstimatedSurvivalObservationTime",,,0,,
3096,"HeartSurgeryType","ProcessedFields",,,0,,
3097,"PreconditionDiabetes","ProcessedFields",,,0,,
3098,"PreconditionArtHypertension","ProcessedFields",,,0,,
3099,"AKI_KDIGO_48H","ProcessedFields",,,0,,
3100,"InterventionACBP","ProcessedFields",,,0,,
3101,"InterventionAVR","ProcessedFields",,,0,,
3102,"InterventionValve","ProcessedFields",,,0,,
3103,"PreconditionLungDisease","ProcessedFields",,,0,,
3104,"PreconditionRenalDysfunction","ProcessedFields",,,0,,
3105,"PremedicationBetablocker","ProcessedFields",,,0,,
3106,"PremedicationACEInhibitor","ProcessedFields",,,0,,
3107,"PremedicationStatin","ProcessedFields",,,0,,
3108,"PremedicationDiuretic","ProcessedFields",,,0,,
3109,"SarsCoV2Pneumonia","ProcessedFields",,,0,,
3110,"IsCarotisSurgery","ProcessedFields",,,0,,
3111,"NYHA","ProcessedFields",,,0,,
3112,"PostCovid","ProcessedFields",,,0,,
3113,"KDIGO_AKI_168","ProcessedFields",,,0,,
3114,"KDIGO_AKI_168_OC","ProcessedFields",,,0,,
3115,"0","KDIGO_AKI",,,0,,
3116,"1","KDIGO_AKI",,,0,,
3117,"2","KDIGO_AKI",,,0,,
3118,"3","KDIGO_AKI",,,0,,
3119,"RedCellDistributionWidth","Laboratory",,"%",0,,
3120,"DynCompliance","SignalFloat",,"ml/mbar",0,,
3121,"Trigger","RespiratorSetting",,"L/min",0,,
